Sub_ID,Index
sub-000000001274',FALSE
sub-000000075717',FALSE
sub-000000106601',FALSE
sub-000000112288',FALSE
sub-000000215284',FALSE
sub-000000297685',FALSE
sub-000000459848',FALSE
sub-000000469693',FALSE
sub-000000642263',FALSE
sub-000000724314',FALSE
sub-000000737577',FALSE
sub-000000829055',FALSE
sub-000000919771',FALSE
sub-000001023924',FALSE
sub-000001038801',FALSE
sub-000001121275',FALSE
sub-000001123104',FALSE
sub-000001298929',FALSE
sub-000001380042',FALSE
sub-000001383133',FALSE
sub-000001441076',FALSE
sub-000001664091',FALSE
sub-000001781386',FALSE
sub-000001889268',FALSE
sub-000001939282',FALSE
sub-000002042617',FALSE
sub-000002103894',FALSE
sub-000002109942',FALSE
sub-000002437251',FALSE
sub-000002676862',FALSE
sub-000002757585',FALSE
sub-000002758817',FALSE
sub-000003023509',FALSE
sub-000003328816',FALSE
sub-000003410870',FALSE
sub-000003504454',FALSE
sub-000003562821',FALSE
sub-000003629479',FALSE
sub-000003712195',FALSE
sub-000003760270',FALSE
sub-000004032825',FALSE
sub-000004182298',FALSE
sub-000004527509',FALSE
sub-000004566373',FALSE
sub-000004622874',FALSE
sub-000004631192',FALSE
sub-000005019076',FALSE
sub-000005352545',FALSE
sub-000005437200',FALSE
sub-000005451728',FALSE
sub-000005627426',FALSE
sub-000005642417',FALSE
sub-000005683533',FALSE
sub-000005901115',FALSE
sub-000005973857',FALSE
sub-000006177246',FALSE
sub-000006260065',FALSE
sub-000006502630',FALSE
sub-000006504519',FALSE
sub-000006506393',FALSE
sub-000006507225',FALSE
sub-000006631894',FALSE
sub-000006721723',FALSE
sub-000006881937',FALSE
sub-000007047216',FALSE
sub-000007127936',FALSE
sub-000007167925',FALSE
sub-000007324890',FALSE
sub-000007347207',FALSE
sub-000007420435',FALSE
sub-000007580813',FALSE
sub-000007586696',FALSE
sub-000007595869',FALSE
sub-000007824030',FALSE
sub-000007839943',FALSE
sub-000007843654',FALSE
sub-000007965462',FALSE
sub-000008043474',FALSE
sub-000008089574',FALSE
sub-000008309107',FALSE
sub-000008633229',TRUE
sub-000009407913',FALSE
sub-000009740318',FALSE
sub-000009808250',FALSE
sub-000009963964',FALSE
sub-000010058298',FALSE
sub-000010295754',FALSE
sub-000010482778',FALSE
sub-000010646873',FALSE
sub-000010847852',FALSE
sub-000010867560',FALSE
sub-000010974785',FALSE
sub-000011399545',FALSE
sub-000011834339',FALSE
sub-000011850463',FALSE
sub-000012138673',FALSE
sub-000012288410',FALSE
sub-000012409076',FALSE
sub-000012485016',TRUE
sub-000012578656',FALSE
sub-000012582808',FALSE
sub-000012629290',FALSE
sub-000012715429',FALSE
sub-000012764460',FALSE
sub-000012809392',FALSE
sub-000012837283',FALSE
sub-000012953830',FALSE
sub-000012975877',FALSE
sub-000012988699',FALSE
sub-000013025821',FALSE
sub-000013148228',FALSE
sub-000013351548',FALSE
sub-000013368755',FALSE
sub-000013377477',FALSE
sub-000013471924',FALSE
sub-000013679970',FALSE
sub-000013697017',FALSE
sub-000013818625',FALSE
sub-000014009454',FALSE
sub-000014045403',FALSE
sub-000014084077',FALSE
sub-000014141334',FALSE
sub-000014232183',FALSE
sub-000014268884',FALSE
sub-000014376759',FALSE
sub-000014435937',FALSE
sub-000014438794',FALSE
sub-000014540698',FALSE
sub-000014743165',FALSE
sub-000014759699',FALSE
sub-000014765341',FALSE
sub-000014781115',FALSE
sub-000014783858',FALSE
sub-000014803670',FALSE
sub-000014850118',FALSE
sub-000014893890',FALSE
sub-000014900981',FALSE
sub-000014947520',FALSE
sub-000015293927',FALSE
sub-000015312177',TRUE
sub-000015398752',FALSE
sub-000015411565',TRUE
sub-000015439849',FALSE
sub-000015652081',FALSE
sub-000015734458',FALSE
sub-000016218711',TRUE
sub-000016275727',FALSE
sub-000016352457',FALSE
sub-000016521332',FALSE
sub-000016590495',FALSE
sub-000016674081',FALSE
sub-000016711878',FALSE
sub-000016720517',FALSE
sub-000016777091',FALSE
sub-000016793507',FALSE
sub-000016849676',FALSE
sub-000016908046',FALSE
sub-000017213220',FALSE
sub-000017221560',FALSE
sub-000017225963',FALSE
sub-000017406332',FALSE
sub-000017480176',FALSE
sub-000017670753',FALSE
sub-000017743852',TRUE
sub-000017819722',FALSE
sub-000017821418',TRUE
sub-000017837607',FALSE
sub-000017945224',TRUE
sub-000018090882',TRUE
sub-000018113022',TRUE
sub-000018155653',TRUE
sub-000018198634',FALSE
sub-000018278130',TRUE
sub-000018490401',FALSE
sub-000018494678',TRUE
sub-000018632052',FALSE
sub-000018904077',FALSE
sub-000018931943',FALSE
sub-000018934340',FALSE
sub-000018952353',FALSE
sub-000018970311',FALSE
sub-000018983258',TRUE
sub-000019031295',FALSE
sub-000019045452',FALSE
sub-000019094771',TRUE
sub-000019211795',TRUE
sub-000019340307',TRUE
sub-000019381646',FALSE
sub-000019432693',TRUE
sub-000019434152',FALSE
sub-000019543161',FALSE
sub-000019767886',FALSE
sub-000019767938',FALSE
sub-000019787898',TRUE
sub-000019893323',FALSE
sub-000019912904',TRUE
sub-000020013673',TRUE
sub-000020113627',FALSE
sub-000020251176',TRUE
sub-000020278160',FALSE
sub-000020320615',FALSE
sub-000020355013',FALSE
sub-000020418061',FALSE
sub-000020451157',TRUE
sub-000020537630',FALSE
sub-000020570622',FALSE
sub-000020785775',TRUE
sub-000020796903',TRUE
sub-000020841951',TRUE
sub-000020843854',FALSE
sub-000020971514',TRUE
sub-000021053574',TRUE
sub-000021313420',TRUE
sub-000021313782',TRUE
sub-000021659535',TRUE
sub-000021729241',TRUE
sub-000021757796',FALSE
sub-000021777172',TRUE
sub-000021834733',FALSE
sub-000021934920',TRUE
sub-000022053782',TRUE
sub-000022084493',TRUE
sub-000022105198',TRUE
sub-000022295030',FALSE
sub-000022465536',FALSE
sub-000022477874',TRUE
sub-000022497296',TRUE
sub-000022698017',TRUE
sub-000022819584',FALSE
sub-000022886093',FALSE
sub-000022888407',FALSE
sub-000022927920',TRUE
sub-000023343892',TRUE
sub-000023358860',TRUE
sub-000023426080',FALSE
sub-000023561799',TRUE
sub-000023653487',TRUE
sub-000023746158',TRUE
sub-000023755963',FALSE
sub-000023813395',TRUE
sub-000023896510',FALSE
sub-000023977691',FALSE
sub-000024041790',TRUE
sub-000024346109',FALSE
sub-000024436422',FALSE
sub-000024495953',TRUE
sub-000024518088',TRUE
sub-000024748722',TRUE
sub-000024782190',TRUE
sub-000024996321',TRUE
sub-000025000478',TRUE
sub-000025033608',FALSE
sub-000025067315',TRUE
sub-000025073654',TRUE
sub-000025139569',TRUE
sub-000025171057',TRUE
sub-000025229476',TRUE
sub-000025356336',TRUE
sub-000025390890',TRUE
sub-000025410823',TRUE
sub-000025431745',TRUE
sub-000025492584',TRUE
sub-000025497997',TRUE
sub-000025527440',TRUE
sub-000025532814',TRUE
sub-000025598251',TRUE
sub-000025821028',TRUE
sub-000025836330',TRUE
sub-000026045785',TRUE
sub-000026047145',TRUE
sub-000026123134',TRUE
sub-000026193033',TRUE
sub-000026200823',TRUE
sub-000026400185',TRUE
sub-000026461756',TRUE
sub-000026470206',TRUE
sub-000026554536',TRUE
sub-000026629318',TRUE
sub-000026698359',TRUE
sub-000026722960',TRUE
sub-000026997764',TRUE
sub-000027085653',TRUE
sub-000027113512',TRUE
sub-000027142434',TRUE
sub-000027157405',TRUE
sub-000027255432',TRUE
sub-000027315434',TRUE
sub-000027363295',TRUE
sub-000027368524',TRUE
sub-000027409016',TRUE
sub-000027410033',TRUE
sub-000027424470',TRUE
sub-000027553119',TRUE
sub-000027578624',TRUE
sub-000027798877',TRUE
sub-000028127454',TRUE
sub-000028185341',TRUE
sub-000028189363',TRUE
sub-000028250707',TRUE
sub-000028264513',TRUE
sub-000028359931',TRUE
sub-000028568776',TRUE
sub-000028669499',TRUE
sub-000028740917',TRUE
sub-000028745800',TRUE
sub-000028810662',TRUE
sub-000028852607',TRUE
sub-000029061783',TRUE
sub-000029236228',TRUE
sub-000029427900',TRUE
sub-000029471033',TRUE
sub-000029580680',TRUE
sub-000029614424',TRUE
sub-000029708729',TRUE
sub-000029871328',TRUE
sub-000029963972',TRUE
sub-000029980214',TRUE
sub-000030090381',TRUE
sub-000030151696',TRUE
sub-000030383377',TRUE
sub-000030385648',TRUE
sub-000030395922',TRUE
sub-000030527827',TRUE
sub-000030621365',TRUE
sub-000030643915',TRUE
sub-000030649663',TRUE
sub-000030742768',TRUE
sub-000030779144',TRUE
sub-000030954633',TRUE
sub-000031088322',TRUE
sub-000031130729',TRUE
sub-000031153238',TRUE
sub-000031548817',TRUE
sub-000031622058',TRUE
sub-000031655253',TRUE
sub-000031825112',TRUE
sub-000031834764',TRUE
sub-000031966463',TRUE
sub-000032116540',TRUE
sub-000032344228',TRUE
sub-000032506627',TRUE
sub-000032569118',TRUE
sub-000032581973',TRUE
sub-000032617813',TRUE
sub-000032719604',TRUE
sub-000032782232',TRUE
sub-000032804781',TRUE
sub-000032887943',TRUE
sub-000033013722',TRUE
sub-000033045305',TRUE
sub-000033047849',TRUE
sub-000033048706',TRUE
sub-000033116784',TRUE
sub-000033272497',TRUE
sub-000033343345',TRUE
sub-000033545889',TRUE
sub-000033555046',TRUE
sub-000033555362',TRUE
sub-000033691855',TRUE
sub-000033775752',TRUE
sub-000033828020',TRUE
sub-000033860514',TRUE
sub-000033889562',TRUE
sub-000033925730',TRUE
sub-000034255297',TRUE
sub-000034268536',TRUE
sub-000034315461',TRUE
sub-000034458922',TRUE
sub-000034508719',TRUE
sub-000034532105',TRUE
sub-000034621212',TRUE
sub-000034646163',TRUE
sub-000034754250',TRUE
sub-000034862855',TRUE
sub-000035159224',TRUE
sub-000035247720',TRUE
sub-000035299445',TRUE
sub-000035402331',TRUE
sub-000035460628',TRUE
sub-000035490507',TRUE
sub-000035620929',TRUE
sub-000035868343',TRUE
sub-000035936114',TRUE
sub-000035948709',TRUE
sub-000035968441',TRUE
sub-000036160199',TRUE
sub-000036214047',TRUE
sub-000036232609',TRUE
sub-000036371007',TRUE
sub-000036495714',TRUE
sub-000036503289',TRUE
sub-000036630759',TRUE
sub-000036903472',TRUE
sub-000036973832',TRUE
sub-000037005099',TRUE
sub-000037041127',TRUE
sub-000037058553',TRUE
sub-000037098647',TRUE
sub-000037103996',TRUE
sub-000037236832',TRUE
sub-000037280746',TRUE
sub-000037432477',TRUE
sub-000037643558',TRUE
sub-000037740824',TRUE
sub-000037821661',TRUE
sub-000037836103',TRUE
sub-000038072766',TRUE
sub-000038221741',TRUE
sub-000038301702',TRUE
sub-000038472262',TRUE
sub-000038522325',TRUE
sub-000038666520',TRUE
sub-000038685366',TRUE
sub-000038690448',TRUE
sub-000038728463',TRUE
sub-000038760566',TRUE
sub-000038793721',TRUE
sub-000038916315',TRUE
sub-000038965837',TRUE
sub-000039167123',TRUE
sub-000039215990',TRUE
sub-000039522057',TRUE
sub-000039530825',TRUE
sub-000039583981',TRUE
sub-000039710910',TRUE
sub-000039776858',TRUE
sub-000039838208',TRUE
sub-000039923280',TRUE
sub-000039945087',TRUE
sub-000039979193',TRUE
sub-000040032718',TRUE
sub-000040233957',TRUE
sub-000040302134',TRUE
sub-000040420290',TRUE
sub-000040428739',TRUE
sub-000040485442',TRUE
sub-000040515445',TRUE
sub-000040756667',TRUE
sub-000040983467',TRUE
sub-000041131877',TRUE
sub-000041322973',TRUE
sub-000041495856',TRUE
sub-000041610677',TRUE
sub-000041765496',TRUE
sub-000042036745',TRUE
sub-000042158215',TRUE
sub-000042169862',TRUE
sub-000042286891',TRUE
sub-000042288666',TRUE
sub-000042385846',TRUE
sub-000042396259',TRUE
sub-000042479340',TRUE
sub-000042550252',TRUE
sub-000042643344',TRUE
sub-000042673088',TRUE
sub-000042694237',TRUE
sub-000042749560',TRUE
sub-000042823353',TRUE
sub-000043040398',TRUE
sub-000043057617',TRUE
sub-000043102413',TRUE
sub-000043189743',TRUE
sub-000043525440',TRUE
sub-000043559294',TRUE
sub-000043561374',TRUE
sub-000043720294',TRUE
sub-000043804515',TRUE
sub-000043813881',TRUE
sub-000044104406',TRUE
sub-000044162453',TRUE
sub-000044165129',TRUE
sub-000044258214',TRUE
sub-000044395728',TRUE
sub-000044520504',TRUE
sub-000044553176',TRUE
sub-000044576096',TRUE
sub-000044836688',TRUE
sub-000044915520',TRUE
sub-000044982406',TRUE
sub-000045049720',TRUE
sub-000045395327',TRUE
sub-000045544719',TRUE
sub-000045668095',TRUE
sub-000045793384',TRUE
sub-000045835265',TRUE
sub-000045931469',TRUE
sub-000046354596',TRUE
sub-000046400835',TRUE
sub-000046457090',TRUE
sub-000046681605',TRUE
sub-000046776165',TRUE
sub-000046806317',TRUE
sub-000047102665',TRUE
sub-000047117408',TRUE
sub-000047157916',TRUE
sub-000047174916',TRUE
sub-000047188050',TRUE
sub-000047317870',TRUE
sub-000047381951',TRUE
sub-000047405358',TRUE
sub-000047472787',TRUE
sub-000047501131',TRUE
sub-000047507426',TRUE
sub-000047690807',TRUE
sub-000047727366',TRUE
sub-000047755403',TRUE
sub-000047864744',TRUE
sub-000047938666',TRUE
sub-000047975799',TRUE
sub-000048201226',TRUE
sub-000048250925',TRUE
sub-000048386902',TRUE
sub-000048473246',TRUE
sub-000048550187',TRUE
sub-000048727429',TRUE
sub-000048731895',TRUE
sub-000048797829',TRUE
sub-000048908846',TRUE
sub-000048934345',TRUE
sub-000048935365',TRUE
sub-000048958188',TRUE
sub-000049321994',TRUE
sub-000049403856',TRUE
sub-000049743945',TRUE
sub-000049955047',TRUE
sub-000050023214',TRUE
sub-000050220613',TRUE
sub-000050246680',TRUE
sub-000050323155',TRUE
sub-000050345245',TRUE
sub-000050394705',TRUE
sub-000050775428',TRUE
sub-000050968862',TRUE
sub-000051006883',TRUE
sub-000051076110',TRUE
sub-000051133284',TRUE
sub-000051293841',TRUE
sub-000051336668',TRUE
sub-000051342034',TRUE
sub-000051387606',TRUE
sub-000051436842',TRUE
sub-000051530670',TRUE
sub-000051571318',TRUE
sub-000051649816',TRUE
sub-000051671690',TRUE
sub-000051829237',TRUE
sub-000051865546',TRUE
sub-000051999613',TRUE
sub-000052086724',TRUE
sub-000052210957',TRUE
sub-000052333308',TRUE
sub-000052356720',TRUE
sub-000052375919',TRUE
sub-000052448112',TRUE
sub-000052639093',TRUE
sub-000052713040',TRUE
sub-000052774607',TRUE
sub-000052801880',TRUE
sub-000052862216',TRUE
sub-000052904972',TRUE
sub-000053000777',TRUE
sub-000053120454',TRUE
sub-000053260245',TRUE
sub-000053431058',TRUE
sub-000053744289',TRUE
sub-000053749618',TRUE
sub-000053912748',TRUE
sub-000053971707',TRUE
sub-000054198873',TRUE
sub-000054625022',TRUE
sub-000054713646',TRUE
sub-000054729776',TRUE
sub-000054741718',TRUE
sub-000054758073',TRUE
sub-000054766461',TRUE
sub-000054987500',TRUE
sub-000054998665',TRUE
sub-000055098445',TRUE
sub-000055465932',TRUE
sub-000055478711',TRUE
sub-000055528763',TRUE
sub-000055541364',TRUE
sub-000055619168',TRUE
sub-000055744910',TRUE
sub-000055757334',TRUE
sub-000055760095',TRUE
sub-000055793162',TRUE
sub-000055836894',TRUE
sub-000055971614',TRUE
sub-000055982442',TRUE
sub-000056117209',TRUE
sub-000056361385',TRUE
sub-000056489644',TRUE
sub-000056698057',TRUE
sub-000056757425',TRUE
sub-000056888495',TRUE
sub-000056896962',TRUE
sub-000057133727',TRUE
sub-000057151570',TRUE
sub-000057172435',TRUE
sub-000057173348',TRUE
sub-000057181907',TRUE
sub-000057348284',TRUE
sub-000057401705',TRUE
sub-000057508486',TRUE
sub-000057515374',TRUE
sub-000057533759',TRUE
sub-000057598971',TRUE
sub-000057686554',TRUE
sub-000057728231',TRUE
sub-000057743372',TRUE
sub-000057847102',TRUE
sub-000057854264',TRUE
sub-000057872147',TRUE
sub-000057930100',TRUE
sub-000057944398',TRUE
sub-000057968987',TRUE
sub-000058051736',TRUE
sub-000058060181',TRUE
sub-000058066497',TRUE
sub-000058250315',TRUE
sub-000058616416',TRUE
sub-000058634281',TRUE
sub-000058754043',TRUE
sub-000058846772',TRUE
sub-000059057693',TRUE
sub-000059169753',TRUE
sub-000059392332',TRUE
sub-000059591525',TRUE
sub-000059932833',TRUE
sub-000059973874',TRUE
sub-000060301120',TRUE
sub-000060530234',TRUE
sub-000060577054',TRUE
sub-000060718231',TRUE
sub-000060835696',TRUE
sub-000060975892',TRUE
sub-000061019030',TRUE
sub-000061050550',TRUE
sub-000061120609',TRUE
sub-000061231173',TRUE
sub-000061499631',TRUE
sub-000061507009',TRUE
sub-000061581707',TRUE
sub-000061588737',TRUE
sub-000061869818',TRUE
sub-000061918098',TRUE
sub-000062180324',TRUE
sub-000062182476',TRUE
sub-000062252904',TRUE
sub-000062418041',TRUE
sub-000062719865',TRUE
sub-000062803628',TRUE
sub-000062858760',TRUE
sub-000062936394',TRUE
sub-000062947970',TRUE
sub-000062960940',TRUE
sub-000063043079',TRUE
sub-000063262503',TRUE
sub-000063400084',TRUE
sub-000063489515',TRUE
sub-000063650078',TRUE
sub-000063744260',TRUE
sub-000063951655',TRUE
sub-000063985887',TRUE
sub-000064043761',TRUE
sub-000064082948',TRUE
sub-000064214718',TRUE
sub-000064564726',TRUE
sub-000064707465',TRUE
sub-000064800062',TRUE
sub-000064814274',TRUE
sub-000065007029',TRUE
sub-000065086134',TRUE
sub-000065159486',TRUE
sub-000065259482',TRUE
sub-000065270890',TRUE
sub-000065320945',TRUE
sub-000065360091',TRUE
sub-000065447843',TRUE
sub-000065503534',TRUE
sub-000065620046',TRUE
sub-000065700991',TRUE
sub-000065833786',TRUE
sub-000065933635',TRUE
sub-000066012310',TRUE
sub-000066072621',TRUE
sub-000066086086',TRUE
sub-000066092324',TRUE
sub-000066507352',TRUE
sub-000066785801',TRUE
sub-000066786760',TRUE
sub-000066786810',TRUE
sub-000066847819',TRUE
sub-000066892780',TRUE
sub-000067052967',TRUE
sub-000067150670',TRUE
sub-000067192845',TRUE
sub-000067221270',TRUE
sub-000067300471',TRUE
sub-000067467964',TRUE
sub-000067488444',TRUE
sub-000067593241',TRUE
sub-000067659985',TRUE
sub-000067661866',TRUE
sub-000067772668',TRUE
sub-000067844279',TRUE
sub-000067988654',TRUE
sub-000068169738',TRUE
sub-000068223643',TRUE
sub-000068649293',TRUE
sub-000068776141',TRUE
sub-000069156055',TRUE
sub-000069366941',TRUE
sub-000069379423',TRUE
sub-000069421800',TRUE
sub-000069434928',TRUE
sub-000069795852',TRUE
sub-000069842669',TRUE
sub-000069858614',TRUE
sub-000069895644',TRUE
sub-000069952570',TRUE
sub-000069973472',TRUE
sub-000070407053',TRUE
sub-000070528422',TRUE
sub-000070675464',TRUE
sub-000070830069',TRUE
sub-000070920329',TRUE
sub-000071039594',TRUE
sub-000071097171',TRUE
sub-000071107361',TRUE
sub-000071332809',TRUE
sub-000071364228',TRUE
sub-000071422292',TRUE
sub-000071566792',TRUE
sub-000071572282',TRUE
sub-000071640147',TRUE
sub-000071672039',TRUE
sub-000071765184',TRUE
sub-000071766352',TRUE
sub-000071786406',TRUE
sub-000072006664',TRUE
sub-000072165508',TRUE
sub-000072198640',TRUE
sub-000072299221',TRUE
sub-000072449671',TRUE
sub-000072545430',TRUE
sub-000072747147',TRUE
sub-000072824399',TRUE
sub-000072914941',TRUE
sub-000073078851',TRUE
sub-000073113515',TRUE
sub-000073312240',TRUE
sub-000073661031',TRUE
sub-000073668053',TRUE
sub-000073691245',TRUE
sub-000073767391',TRUE
sub-000073811405',TRUE
sub-000073858659',TRUE
sub-000073932354',TRUE
sub-000074179558',TRUE
sub-000074247248',TRUE
sub-000074304888',TRUE
sub-000074327708',TRUE
sub-000074586509',TRUE
sub-000074601732',TRUE
sub-000074629155',TRUE
sub-000074731388',TRUE
sub-000074757619',TRUE
sub-000074996996',TRUE
sub-000075074865',TRUE
sub-000075127752',TRUE
sub-000075148743',TRUE
sub-000075315363',TRUE
sub-000075436265',TRUE
sub-000075460837',TRUE
sub-000076254920',TRUE
sub-000076466799',TRUE
sub-000076487037',TRUE
sub-000076516256',TRUE
sub-000076544039',TRUE
sub-000076794351',TRUE
sub-000076972990',TRUE
sub-000077008362',TRUE
sub-000077306439',TRUE
sub-000077402830',TRUE
sub-000077436989',TRUE
sub-000077511665',TRUE
sub-000077539339',TRUE
sub-000077545059',TRUE
sub-000077623592',TRUE
sub-000077631822',TRUE
sub-000077829727',TRUE
sub-000077843394',TRUE
sub-000077857132',TRUE
sub-000077867484',TRUE
sub-000077983500',TRUE
sub-000078056005',TRUE
sub-000078139248',TRUE
sub-000078298644',TRUE
sub-000078375316',TRUE
sub-000078555266',TRUE
sub-000078663263',TRUE
sub-000078742900',TRUE
sub-000078836365',TRUE
sub-000078862327',TRUE
sub-000079033962',TRUE
sub-000079319968',TRUE
sub-000079415209',TRUE
sub-000079435532',TRUE
sub-000079471229',TRUE
sub-000079630427',TRUE
sub-000079807886',TRUE
sub-000079818517',TRUE
sub-000080109989',TRUE
sub-000080214993',TRUE
sub-000080232105',TRUE
sub-000080271792',TRUE
sub-000080303743',TRUE
sub-000080338344',TRUE
sub-000080375257',TRUE
sub-000080609714',TRUE
sub-000080619139',TRUE
sub-000080911260',TRUE
sub-000080955255',TRUE
sub-000081006258',TRUE
sub-000081092960',TRUE
sub-000081257882',TRUE
sub-000081277898',TRUE
sub-000081584850',TRUE
sub-000081599423',TRUE
sub-000081924774',TRUE
sub-000081975813',TRUE
sub-000082047033',TRUE
sub-000082295780',TRUE
sub-000082429116',TRUE
sub-000082765463',TRUE
sub-000082779574',TRUE
sub-000082922411',TRUE
sub-000083037309',TRUE
sub-000083049855',TRUE
sub-000083068228',TRUE
sub-000083194915',TRUE
sub-000083248719',TRUE
sub-000083252295',TRUE
sub-000083312089',TRUE
sub-000083322473',TRUE
sub-000083322487',TRUE
sub-000083387100',TRUE
sub-000083490451',TRUE
sub-000083522010',TRUE
sub-000083550867',TRUE
sub-000083589851',TRUE
sub-000083749433',TRUE
sub-000083762870',TRUE
sub-000083785552',TRUE
sub-000083829193',TRUE
sub-000083862457',TRUE
sub-000084158838',TRUE
sub-000084210744',TRUE
sub-000084247324',TRUE
sub-000084343095',TRUE
sub-000084482871',TRUE
sub-000084578371',TRUE
sub-000084767819',TRUE
sub-000084791358',TRUE
sub-000084828767',TRUE
sub-000084838602',TRUE
sub-000084915055',TRUE
sub-000084918460',TRUE
sub-000085068141',TRUE
sub-000085281759',TRUE
sub-000085294275',TRUE
sub-000085348240',TRUE
sub-000085356712',TRUE
sub-000085513661',TRUE
sub-000085526309',TRUE
sub-000085791572',TRUE
sub-000086071132',TRUE
sub-000086076571',TRUE
sub-000086259237',TRUE
sub-000086642327',TRUE
sub-000086673294',TRUE
sub-000086727453',TRUE
sub-000086922038',TRUE
sub-000086977385',TRUE
sub-000086992161',TRUE
sub-000087063383',TRUE
sub-000087109149',TRUE
sub-000087216041',TRUE
sub-000087248884',TRUE
sub-000087249996',TRUE
sub-000087255264',TRUE
sub-000087280429',TRUE
sub-000087316942',TRUE
sub-000087520552',TRUE
sub-000087762880',TRUE
sub-000087817879',TRUE
sub-000087961112',TRUE
sub-000088060095',TRUE
sub-000088067659',TRUE
sub-000088079695',TRUE
sub-000088290124',TRUE
sub-000088315066',TRUE
sub-000088329552',TRUE
sub-000088458966',TRUE
sub-000088843492',TRUE
sub-000088874143',TRUE
sub-000088956613',TRUE
sub-000089047261',TRUE
sub-000089235706',TRUE
sub-000089569994',TRUE
sub-000089690901',TRUE
sub-000089971463',TRUE
sub-000090194741',TRUE
sub-000090208234',TRUE
sub-000090253111',TRUE
sub-000090314183',TRUE
sub-000090557023',TRUE
sub-000090561418',TRUE
sub-000090571162',TRUE
sub-000090589474',TRUE
sub-000090651669',TRUE
sub-000090771305',TRUE
sub-000090814109',TRUE
sub-000090838913',TRUE
sub-000090848850',TRUE
sub-000090973178',TRUE
sub-000090994778',TRUE
sub-000091159380',TRUE
sub-000091221714',TRUE
sub-000091474448',TRUE
sub-000091492921',TRUE
sub-000091697814',TRUE
sub-000091803206',TRUE
sub-000091843900',TRUE
sub-000091899826',TRUE
sub-000092002804',TRUE
sub-000092072764',TRUE
sub-000092208408',TRUE
sub-000092335667',TRUE
sub-000092335691',TRUE
sub-000092523261',TRUE
sub-000092548129',TRUE
sub-000092671066',TRUE
sub-000092820066',TRUE
sub-000092865408',TRUE
sub-000093240591',TRUE
sub-000093253307',TRUE
sub-000093254795',TRUE
sub-000093371309',TRUE
sub-000093454722',TRUE
sub-000093455351',TRUE
sub-000093455698',TRUE
sub-000093565878',TRUE
sub-000093649142',TRUE
sub-000093697047',TRUE
sub-000093759994',TRUE
sub-000094090604',TRUE
sub-000094112037',TRUE
sub-000094243275',TRUE
sub-000094265316',TRUE
sub-000094316246',TRUE
sub-000094342759',TRUE
sub-000094428008',TRUE
sub-000094594928',TRUE
sub-000094656857',TRUE
sub-000094807913',TRUE
sub-000094878465',TRUE
sub-000094998851',TRUE
sub-000095136410',TRUE
sub-000095263539',TRUE
sub-000095416815',TRUE
sub-000095578455',TRUE
sub-000095623407',TRUE
sub-000095674647',TRUE
sub-000095683953',TRUE
sub-000095823901',TRUE
sub-000095886795',TRUE
sub-000095957207',TRUE
sub-000096052273',TRUE
sub-000096245982',TRUE
sub-000096259931',TRUE
sub-000096358046',TRUE
sub-000096391496',TRUE
sub-000096466079',TRUE
sub-000096528581',TRUE
sub-000096596623',TRUE
sub-000096783194',TRUE
sub-000096804971',TRUE
sub-000096849050',TRUE
sub-000096905332',TRUE
sub-000097067339',TRUE
sub-000097096149',TRUE
sub-000097555742',TRUE
sub-000097659232',TRUE
sub-000097739048',TRUE
sub-000097793568',TRUE
sub-000097798177',TRUE
sub-000097925374',TRUE
sub-000098241852',TRUE
sub-000098485091',TRUE
sub-000098516748',TRUE
sub-000098600208',TRUE
sub-000098847514',TRUE
sub-000098929068',TRUE
sub-000098989002',TRUE
sub-000099217838',TRUE
sub-000099297662',TRUE
sub-000099433083',TRUE
sub-000099514690',TRUE
sub-000099604669',TRUE
sub-000099677574',TRUE
sub-000099873252',TRUE
sub-000099888850',TRUE
sub-000099930021',TRUE
sub-000099954902',TRUE
