HC-SubID,
sub-000010243477,EFTgroupA
sub-000010420383,EFTgroupA
sub-000011545331,EFTgroupB
sub-000012518597,EFTgroupA
sub-000013312447,EFTgroupA
sub-000013552932,EFTgroupA
sub-000015086707,EFTgroupB
sub-000018147098,EFTgroupA
sub-000019337991,EFTgroupA
sub-000019723145,EFTgroupA
sub-000020319967,EFTgroupA
sub-000021038930,EFTgroupA
sub-000023207088,EFTgroupB
sub-000025824900,EFTgroupA
sub-000026061203,EFTgroupA
sub-000026201043,EFTgroupA
sub-000027107982,EFTgroupA
sub-000031710347,EFTgroupA
sub-000031802898,EFTgroupA
sub-000034721467,EFTgroupA
sub-000035891876,EFTgroupB
sub-000038190141,EFTgroupA
sub-000040759338,EFTgroupA
sub-000041272937,EFTgroupA
sub-000043174419,EFTgroupA
sub-000043905918,EFTgroupA
sub-000046224134,EFTgroupB
sub-000046573779,EFTgroupA
sub-000048556671,EFTgroupA
sub-000050179172,EFTgroupA
sub-000050334299,EFTgroupB
sub-000050726626,EFTgroupA
sub-000050752119,EFTgroupA
sub-000050889576,EFTgroupA
sub-000051918506,EFTgroupA
sub-000054013494,EFTgroupA
sub-000054082521,EFTgroupA
sub-000054472247,EFTgroupB
sub-000057278191,EFTgroupA
sub-000061120394,EFTgroupA
sub-000061355654,EFTgroupA
sub-000062703756,EFTgroupA
sub-000065123347,EFTgroupB
sub-000066169540,EFTgroupA
sub-000068697986,EFTgroupA
sub-000069253169,EFTgroupA
sub-000069392787,EFTgroupA
sub-000070172900,EFTgroupA
sub-000070948741,EFTgroupB
sub-000072533596,EFTgroupA
sub-000073820433,EFTgroupA
sub-000074033868,EFTgroupA
sub-000074205989,EFTgroupA
sub-000074668684,EFTgroupA
sub-000076285803,EFTgroupA
sub-000076315580,EFTgroupA
sub-000079458238,EFTgroupA
sub-000080080647,EFTgroupA
sub-000081853621,EFTgroupA
sub-000083638186,EFTgroupA
sub-000084733569,EFTgroupA
sub-000086232661,EFTgroupA
sub-000088768255,EFTgroupA
sub-000089443677,EFTgroupA
sub-000092284943,EFTgroupA
sub-000093057793,EFTgroupA
MDD-SubID,
sub-000110373940,EFTgroupB
sub-000110841481,EFTgroupB
sub-000110937433,EFTgroupA
sub-000111086310,EFTgroupA
sub-000111096801,EFTgroupB
sub-000111844771,EFTgroupB
sub-000112091464,EFTgroupB
sub-000112957066,EFTgroupB
sub-000113174215,EFTgroupB
sub-000113387068,EFTgroupB
sub-000115022862,EFTgroupA
sub-000117173428,EFTgroupB
sub-000117895192,EFTgroupB
sub-000118867755,EFTgroupB
sub-000120114005,EFTgroupB
sub-000120262106,EFTgroupB
sub-000120812879,EFTgroupA
sub-000122396715,EFTgroupB
sub-000123660597,EFTgroupB
sub-000123930959,EFTgroupB
sub-000124741457,EFTgroupB
sub-000125237313,EFTgroupA
sub-000125906584,EFTgroupB
sub-000127797395,EFTgroupB
sub-000129820256,EFTgroupB
sub-000130293488,EFTgroupB
sub-000130597088,EFTgroupB
sub-000130937795,EFTgroupB
sub-000131468275,EFTgroupB
sub-000131646109,EFTgroupB
sub-000132024936,EFTgroupA
sub-000133226767,EFTgroupB
sub-000133583502,EFTgroupB
sub-000133686937,EFTgroupB
sub-000134330542,EFTgroupB
sub-000135435106,EFTgroupA
sub-000135517362,EFTgroupB
sub-000136981533,EFTgroupB
sub-000137280633,EFTgroupB
sub-000139458801,EFTgroupB
sub-000140109892,EFTgroupB
sub-000140267022,EFTgroupA
sub-000141542924,EFTgroupB
sub-000141831212,EFTgroupB
sub-000142392893,EFTgroupB
sub-000143449706,EFTgroupB
sub-000144099346,EFTgroupA
sub-000144855245,EFTgroupB
sub-000144964754,EFTgroupB
sub-000145529764,EFTgroupB
sub-000146042158,EFTgroupB
sub-000146906985,EFTgroupB
sub-000147164279,EFTgroupB
sub-000147906886,EFTgroupB
sub-000148082449,EFTgroupB
sub-000148151873,EFTgroupB
sub-000148794514,EFTgroupA
sub-000148868119,EFTgroupB
sub-000149709982,EFTgroupB
sub-000149849185,EFTgroupB
sub-000150409492,EFTgroupB
sub-000152886012,EFTgroupB
sub-000153450897,EFTgroupB
sub-000154461990,EFTgroupB
sub-000155266739,EFTgroupB
sub-000155379621,EFTgroupB
sub-000156021841,EFTgroupB
sub-000157655614,EFTgroupA
sub-000158366847,EFTgroupA
sub-000159066706,EFTgroupB
sub-000160259456,EFTgroupB
sub-000160442866,EFTgroupB
sub-000160530896,EFTgroupA
sub-000161484031,EFTgroupA
sub-000163131857,EFTgroupB
sub-000164029519,EFTgroupB
sub-000164225942,EFTgroupB
sub-000164655685,EFTgroupB
sub-000164824205,EFTgroupB
sub-000165288521,EFTgroupB
sub-000165369327,EFTgroupB
sub-000166338974,EFTgroupB
sub-000166922849,EFTgroupB
sub-000167671825,EFTgroupB
sub-000168370463,EFTgroupB
sub-000168641000,EFTgroupA
sub-000169786920,EFTgroupB
sub-000170890689,EFTgroupB
sub-000171526079,EFTgroupB
sub-000172031792,EFTgroupB
sub-000172283288,EFTgroupB
sub-000172442389,EFTgroupB
sub-000172630616,EFTgroupB
sub-000174105851,EFTgroupB
sub-000174501120,EFTgroupB
sub-000174525974,EFTgroupB
sub-000174591181,EFTgroupA
sub-000174603925,EFTgroupB
sub-000177038649,EFTgroupB
sub-000177950409,EFTgroupB
sub-000179309833,EFTgroupB
sub-000179564037,EFTgroupB
sub-000181808292,EFTgroupB
sub-000182072366,EFTgroupB
sub-000182955344,EFTgroupB
sub-000183475605,EFTgroupB
sub-000183780932,EFTgroupB
sub-000184759673,EFTgroupB
sub-000185955318,EFTgroupA
sub-000186317170,EFTgroupB
sub-000186903157,EFTgroupB
sub-000186940717,EFTgroupB
sub-000187495574,EFTgroupB
sub-000189295045,EFTgroupB
sub-000189761816,EFTgroupB
sub-000190301541,EFTgroupA
sub-000191321878,EFTgroupA
sub-000191801601,EFTgroupB
sub-000191910964,EFTgroupB
sub-000192124683,EFTgroupB
sub-000193818198,EFTgroupB
sub-000194355853,EFTgroupB
sub-000194642538,EFTgroupA
sub-000195040822,EFTgroupB
sub-000195112416,EFTgroupB
sub-000195135326,EFTgroupB
sub-000195794594,EFTgroupB
