Sub_ID,Index
sub-000000112288',FALSE
sub-000000215284',FALSE
sub-000000240546',FALSE
sub-000000297685',FALSE
sub-000000458976',FALSE
sub-000000459848',FALSE
sub-000000469693',FALSE
sub-000000556983',FALSE
sub-000000613223',FALSE
sub-000000642263',FALSE
sub-000000663084',FALSE
sub-000000724314',FALSE
sub-000000737577',FALSE
sub-000000820294',FALSE
sub-000000829055',FALSE
sub-000000871047',FALSE
sub-000001038801',FALSE
sub-000001088410',FALSE
sub-000001121275',FALSE
sub-000001163495',FALSE
sub-000001311901',FALSE
sub-000001338177',FALSE
sub-000001380042',FALSE
sub-000001441076',FALSE
sub-000001598887',FALSE
sub-000001617607',FALSE
sub-000001647364',FALSE
sub-000001720362',FALSE
sub-000001885390',FALSE
sub-000001934375',FALSE
sub-000001938036',FALSE
sub-000001939282',FALSE
sub-000002042617',FALSE
sub-000002103894',FALSE
sub-000002109942',FALSE
sub-000002190836',FALSE
sub-000002296749',FALSE
sub-000002437251',FALSE
sub-000002485525',FALSE
sub-000002682961',FALSE
sub-000002695459',FALSE
sub-000002757585',FALSE
sub-000002758817',FALSE
sub-000002766073',FALSE
sub-000003023509',FALSE
sub-000003328367',FALSE
sub-000003446566',FALSE
sub-000003504454',FALSE
sub-000003562821',FALSE
sub-000003610829',FALSE
sub-000003629479',FALSE
sub-000003760270',FALSE
sub-000003970752',FALSE
sub-000003991592',FALSE
sub-000004068298',FALSE
sub-000004254555',FALSE
sub-000004631192',FALSE
sub-000004702312',FALSE
sub-000004794212',FALSE
sub-000004908925',FALSE
sub-000005019076',FALSE
sub-000005055175',FALSE
sub-000005437200',FALSE
sub-000005451728',FALSE
sub-000005627426',FALSE
sub-000005839877',FALSE
sub-000005895110',FALSE
sub-000005901115',FALSE
sub-000005978534',FALSE
sub-000006000160',FALSE
sub-000006021063',FALSE
sub-000006177246',FALSE
sub-000006194918',FALSE
sub-000006260065',FALSE
sub-000006265257',TRUE
sub-000006272781',FALSE
sub-000006314205',FALSE
sub-000006368349',FALSE
sub-000006471914',FALSE
sub-000006502630',FALSE
sub-000006507225',FALSE
sub-000006631894',FALSE
sub-000006905767',FALSE
sub-000007025997',FALSE
sub-000007047216',FALSE
sub-000007324890',FALSE
sub-000007347207',FALSE
sub-000007478069',FALSE
sub-000007586696',FALSE
sub-000007595869',FALSE
sub-000007787644',FALSE
sub-000007836916',FALSE
sub-000007839943',FALSE
sub-000008349556',FALSE
sub-000008681777',FALSE
sub-000008685800',FALSE
sub-000008773013',FALSE
sub-000008996449',FALSE
sub-000009097916',FALSE
sub-000009219140',FALSE
sub-000009329324',FALSE
sub-000009474438',FALSE
sub-000009616716',FALSE
sub-000009740318',FALSE
sub-000009808250',FALSE
sub-000010000952',FALSE
sub-000010058298',FALSE
sub-000010121092',FALSE
sub-000010295754',FALSE
sub-000010478494',FALSE
sub-000010482778',FALSE
sub-000010847852',FALSE
sub-000010867560',FALSE
sub-000010974785',FALSE
sub-000011019827',FALSE
sub-000011030480',FALSE
sub-000011693075',FALSE
sub-000011834339',FALSE
sub-000011922061',FALSE
sub-000012029891',FALSE
sub-000012119704',FALSE
sub-000012391077',FALSE
sub-000012409076',FALSE
sub-000012485016',TRUE
sub-000012578656',FALSE
sub-000012645188',FALSE
sub-000012764460',FALSE
sub-000012953830',FALSE
sub-000012967847',FALSE
sub-000012975877',FALSE
sub-000012988699',FALSE
sub-000013025821',FALSE
sub-000013097762',FALSE
sub-000013351548',FALSE
sub-000013361778',FALSE
sub-000013377477',FALSE
sub-000013424686',FALSE
sub-000013471924',FALSE
sub-000013623993',FALSE
sub-000013646768',FALSE
sub-000013679970',TRUE
sub-000014027707',FALSE
sub-000014084077',FALSE
sub-000014268884',FALSE
sub-000014376759',FALSE
sub-000014438794',FALSE
sub-000014540698',FALSE
sub-000014759699',FALSE
sub-000014765341',FALSE
sub-000014781115',FALSE
sub-000014783858',TRUE
sub-000014786947',TRUE
sub-000014803670',FALSE
sub-000014893890',FALSE
sub-000014900981',FALSE
sub-000015312177',TRUE
sub-000015398752',FALSE
sub-000015411565',TRUE
sub-000015439849',FALSE
sub-000016069129',TRUE
sub-000016140261',TRUE
sub-000016146243',FALSE
sub-000016151232',FALSE
sub-000016190159',FALSE
sub-000016218711',TRUE
sub-000016275727',FALSE
sub-000016352457',FALSE
sub-000016521332',FALSE
sub-000016590495',TRUE
sub-000016634839',FALSE
sub-000016711878',FALSE
sub-000016720517',FALSE
sub-000016849676',FALSE
sub-000016908046',FALSE
sub-000017406332',FALSE
sub-000017480176',FALSE
sub-000017743852',TRUE
sub-000017819722',TRUE
sub-000017994216',TRUE
sub-000018090882',FALSE
sub-000018113022',TRUE
sub-000018278130',TRUE
sub-000018455372',FALSE
sub-000018490401',FALSE
sub-000018494678',FALSE
sub-000018632052',FALSE
sub-000018801650',TRUE
sub-000018904077',TRUE
sub-000018931943',FALSE
sub-000018952353',FALSE
sub-000018983258',FALSE
sub-000019015082',TRUE
sub-000019025504',TRUE
sub-000019031295',FALSE
sub-000019051332',FALSE
sub-000019211795',TRUE
sub-000019340307',TRUE
sub-000019381646',FALSE
sub-000019432693',TRUE
sub-000019767886',FALSE
sub-000019767938',FALSE
sub-000019787898',TRUE
sub-000019893323',FALSE
sub-000019912904',TRUE
sub-000020013673',TRUE
sub-000020035682',FALSE
sub-000020113627',FALSE
sub-000020251176',TRUE
sub-000020278160',TRUE
sub-000020355013',FALSE
sub-000020401625',FALSE
sub-000020418061',FALSE
sub-000020451157',TRUE
sub-000020537630',TRUE
sub-000020785775',TRUE
sub-000020796903',TRUE
sub-000020830744',FALSE
sub-000020841951',TRUE
sub-000020843854',FALSE
sub-000020971514',TRUE
sub-000021053574',TRUE
sub-000021114224',TRUE
sub-000021131361',TRUE
sub-000021218872',FALSE
sub-000021313420',TRUE
sub-000021313782',FALSE
sub-000021415101',TRUE
sub-000021457187',TRUE
sub-000021659535',TRUE
sub-000021729241',TRUE
sub-000021777172',TRUE
sub-000022084493',TRUE
sub-000022105198',TRUE
sub-000022202071',FALSE
sub-000022295030',FALSE
sub-000022465536',FALSE
sub-000022482211',FALSE
sub-000022497296',TRUE
sub-000022819584',FALSE
sub-000022886093',FALSE
sub-000023032425',TRUE
sub-000023063758',TRUE
sub-000023207511',TRUE
sub-000023358860',TRUE
sub-000023426080',FALSE
sub-000023639409',TRUE
sub-000023653487',FALSE
sub-000023746158',TRUE
sub-000023755963',FALSE
sub-000023764540',TRUE
sub-000023818066',TRUE
sub-000023875871',TRUE
sub-000024002283',TRUE
sub-000024346109',TRUE
sub-000024436422',TRUE
sub-000024447518',TRUE
sub-000024452285',TRUE
sub-000024495953',TRUE
sub-000024585027',TRUE
sub-000024686194',TRUE
sub-000024709811',FALSE
sub-000024786016',TRUE
sub-000025000478',TRUE
sub-000025033608',TRUE
sub-000025067315',TRUE
sub-000025073654',TRUE
sub-000025193415',TRUE
sub-000025229476',TRUE
sub-000025356336',FALSE
sub-000025410823',TRUE
sub-000025431745',TRUE
sub-000025453247',TRUE
sub-000025517914',TRUE
sub-000025527440',TRUE
sub-000025821028',TRUE
sub-000025836330',FALSE
sub-000025937787',TRUE
sub-000026045785',TRUE
sub-000026047145',FALSE
sub-000026123134',TRUE
sub-000026400185',TRUE
sub-000026461756',TRUE
sub-000026470206',TRUE
sub-000026545049',FALSE
sub-000026876093',TRUE
sub-000026901488',TRUE
sub-000026997764',TRUE
sub-000027074970',TRUE
sub-000027085653',TRUE
sub-000027095696',TRUE
sub-000027113512',TRUE
sub-000027142434',TRUE
sub-000027157405',TRUE
sub-000027315434',TRUE
sub-000027409016',TRUE
sub-000027410033',TRUE
sub-000027424470',TRUE
sub-000027511167',TRUE
sub-000027553119',TRUE
sub-000027578624',TRUE
sub-000027798877',TRUE
sub-000028113492',TRUE
sub-000028185341',TRUE
sub-000028189363',TRUE
sub-000028467356',TRUE
sub-000028490711',TRUE
sub-000028740917',TRUE
sub-000028745800',TRUE
sub-000028765335',TRUE
sub-000028810662',TRUE
sub-000028813248',TRUE
sub-000028827850',TRUE
sub-000028852607',TRUE
sub-000028982808',TRUE
sub-000029061783',TRUE
sub-000029166355',TRUE
sub-000029236228',TRUE
sub-000029257136',TRUE
sub-000029258014',TRUE
sub-000029313096',TRUE
sub-000029427900',TRUE
sub-000029579255',TRUE
sub-000029580680',TRUE
sub-000029708729',TRUE
sub-000029751086',TRUE
sub-000029871328',TRUE
sub-000030374303',TRUE
sub-000030385648',TRUE
sub-000030395922',TRUE
sub-000030515864',TRUE
sub-000030527827',TRUE
sub-000030643915',TRUE
sub-000030649663',TRUE
sub-000030775893',TRUE
sub-000030869248',TRUE
sub-000030954633',TRUE
sub-000030978066',TRUE
sub-000031070544',TRUE
sub-000031088322',TRUE
sub-000031153238',TRUE
sub-000031548817',TRUE
sub-000031622058',TRUE
sub-000031655253',TRUE
sub-000031825112',TRUE
sub-000031851798',TRUE
sub-000031966463',TRUE
sub-000032067534',TRUE
sub-000032110235',TRUE
sub-000032344228',TRUE
sub-000032569118',TRUE
sub-000032581973',TRUE
sub-000032585091',TRUE
sub-000032617813',TRUE
sub-000032719604',TRUE
sub-000032887943',TRUE
sub-000032899225',TRUE
sub-000033030797',TRUE
sub-000033183713',TRUE
sub-000033272497',TRUE
sub-000033336692',TRUE
sub-000033343345',TRUE
sub-000033433011',TRUE
sub-000033691855',TRUE
sub-000033828020',TRUE
sub-000033860514',TRUE
sub-000033889562',TRUE
sub-000033925730',TRUE
sub-000034241299',TRUE
sub-000034255297',TRUE
sub-000034268536',TRUE
sub-000034277415',TRUE
sub-000034315461',TRUE
sub-000034410504',TRUE
sub-000034458922',TRUE
sub-000034532105',TRUE
sub-000034621212',TRUE
sub-000034862855',TRUE
sub-000035061633',TRUE
sub-000035077363',TRUE
sub-000035104442',TRUE
sub-000035159224',TRUE
sub-000035460628',TRUE
sub-000035515967',TRUE
sub-000035569409',TRUE
sub-000035620929',TRUE
sub-000035635841',TRUE
sub-000035704260',TRUE
sub-000035845244',TRUE
sub-000035868343',TRUE
sub-000035885865',TRUE
sub-000035931532',TRUE
sub-000035936114',TRUE
sub-000035948709',TRUE
sub-000036160199',TRUE
sub-000036495714',TRUE
sub-000036503289',TRUE
sub-000036529694',TRUE
sub-000036630759',TRUE
sub-000036903472',TRUE
sub-000036973832',TRUE
sub-000037005099',TRUE
sub-000037045417',TRUE
sub-000037098647',TRUE
sub-000037236832',TRUE
sub-000037280746',TRUE
sub-000037432477',TRUE
sub-000037509984',TRUE
sub-000037516467',TRUE
sub-000037643558',TRUE
sub-000037805580',TRUE
sub-000037821661',TRUE
sub-000038072766',TRUE
sub-000038221741',TRUE
sub-000038301702',TRUE
sub-000038361038',TRUE
sub-000038436183',TRUE
sub-000038472262',TRUE
sub-000038521433',TRUE
sub-000038522325',TRUE
sub-000038685366',TRUE
sub-000038690448',TRUE
sub-000038760566',TRUE
sub-000038793721',TRUE
sub-000038852160',TRUE
sub-000038965837',TRUE
sub-000038979988',TRUE
sub-000039287090',TRUE
sub-000039522057',TRUE
sub-000039710910',TRUE
sub-000039776858',TRUE
sub-000039923280',TRUE
sub-000039945087',TRUE
sub-000040021391',TRUE
sub-000040032718',TRUE
sub-000040231228',TRUE
sub-000040233957',TRUE
sub-000040302134',TRUE
sub-000040428739',TRUE
sub-000040485442',TRUE
sub-000040590177',TRUE
sub-000040623634',TRUE
sub-000040756667',TRUE
sub-000041266477',TRUE
sub-000041383458',TRUE
sub-000041610677',TRUE
sub-000041748802',TRUE
sub-000042036745',TRUE
sub-000042158215',TRUE
sub-000042169862',TRUE
sub-000042255049',TRUE
sub-000042288666',TRUE
sub-000042396259',TRUE
sub-000042432941',TRUE
sub-000042479340',TRUE
sub-000042643344',TRUE
sub-000042652865',TRUE
sub-000042749560',TRUE
sub-000042764536',TRUE
sub-000042823353',TRUE
sub-000042855921',TRUE
sub-000042863005',TRUE
sub-000043027131',TRUE
sub-000043036636',TRUE
sub-000043040398',TRUE
sub-000043057617',TRUE
sub-000043189743',TRUE
sub-000043217738',TRUE
sub-000043559294',TRUE
sub-000043561374',TRUE
sub-000043720294',TRUE
sub-000043926786',TRUE
sub-000043968174',TRUE
sub-000044062132',TRUE
sub-000044090629',TRUE
sub-000044121224',TRUE
sub-000044165129',TRUE
sub-000044211617',TRUE
sub-000044284703',TRUE
sub-000044385922',TRUE
sub-000044395728',TRUE
sub-000044520504',TRUE
sub-000044553176',TRUE
sub-000044576096',TRUE
sub-000044647495',TRUE
sub-000044753182',TRUE
sub-000044836688',TRUE
sub-000044915520',TRUE
sub-000045243088',TRUE
sub-000045508977',TRUE
sub-000045544719',TRUE
sub-000045835265',TRUE
sub-000045863294',TRUE
sub-000045931469',TRUE
sub-000046161596',TRUE
sub-000046184877',TRUE
sub-000046226352',TRUE
sub-000046280277',TRUE
sub-000046320377',TRUE
sub-000046354596',TRUE
sub-000046400835',TRUE
sub-000046681605',TRUE
sub-000046903260',TRUE
sub-000046959166',TRUE
sub-000047102665',TRUE
sub-000047117408',TRUE
sub-000047137568',TRUE
sub-000047157916',TRUE
sub-000047245633',TRUE
sub-000047317870',TRUE
sub-000047381951',TRUE
sub-000047405358',TRUE
sub-000047472787',TRUE
sub-000047501131',TRUE
sub-000047507426',TRUE
sub-000047690807',TRUE
sub-000047727366',TRUE
sub-000047755403',TRUE
sub-000047804329',TRUE
sub-000047975799',TRUE
sub-000048047387',TRUE
sub-000048054415',TRUE
sub-000048055201',TRUE
sub-000048109235',TRUE
sub-000048201226',TRUE
sub-000048250925',TRUE
sub-000048616789',TRUE
sub-000048731895',TRUE
sub-000048796945',TRUE
sub-000048797829',TRUE
sub-000048828414',TRUE
sub-000048846112',TRUE
sub-000048908846',TRUE
sub-000048935365',TRUE
sub-000049311998',TRUE
sub-000049314619',TRUE
sub-000049321994',TRUE
sub-000049483266',TRUE
sub-000049623543',TRUE
sub-000049731299',TRUE
sub-000049743945',TRUE
sub-000049850700',TRUE
sub-000049955047',TRUE
sub-000050023214',TRUE
sub-000050220613',TRUE
sub-000050271212',TRUE
sub-000050323155',TRUE
sub-000050345245',TRUE
sub-000050395729',TRUE
sub-000050973557',TRUE
sub-000051076110',TRUE
sub-000051293841',TRUE
sub-000051342034',TRUE
sub-000051387606',TRUE
sub-000051445049',TRUE
sub-000051530670',TRUE
sub-000051649816',TRUE
sub-000051671690',TRUE
sub-000051722290',TRUE
sub-000051829237',TRUE
sub-000051865546',TRUE
sub-000051999613',TRUE
sub-000052071148',TRUE
sub-000052086724',TRUE
sub-000052117549',TRUE
sub-000052210957',TRUE
sub-000052356720',TRUE
sub-000052448112',TRUE
sub-000052713040',TRUE
sub-000052801880',TRUE
sub-000052862216',TRUE
sub-000052886278',TRUE
sub-000052904972',TRUE
sub-000053120454',TRUE
sub-000053260245',TRUE
sub-000053730509',TRUE
sub-000053749618',TRUE
sub-000053790569',TRUE
sub-000053912748',TRUE
sub-000054198873',TRUE
sub-000054389991',TRUE
sub-000054515697',TRUE
sub-000054554147',TRUE
sub-000054625022',TRUE
sub-000054633971',TRUE
sub-000054678674',TRUE
sub-000054713646',TRUE
sub-000054729776',TRUE
sub-000054741718',TRUE
sub-000054758073',TRUE
sub-000054766461',TRUE
sub-000054829951',TRUE
sub-000055104004',TRUE
sub-000055440249',TRUE
sub-000055465932',TRUE
sub-000055478711',TRUE
sub-000055499880',TRUE
sub-000055518941',TRUE
sub-000055528763',TRUE
sub-000055619168',TRUE
sub-000055744910',TRUE
sub-000055757334',TRUE
sub-000055760095',TRUE
sub-000055793162',TRUE
sub-000055836894',TRUE
sub-000055982442',TRUE
sub-000055988721',TRUE
sub-000056117209',TRUE
sub-000056361385',TRUE
sub-000056477328',TRUE
sub-000056757425',TRUE
sub-000056888495',TRUE
sub-000056896962',TRUE
sub-000057105753',TRUE
sub-000057113773',TRUE
sub-000057135861',TRUE
sub-000057172435',TRUE
sub-000057173348',TRUE
sub-000057401705',TRUE
sub-000057515374',TRUE
sub-000057533759',TRUE
sub-000057598971',TRUE
sub-000057854264',TRUE
sub-000057872147',TRUE
sub-000057930100',TRUE
sub-000057968987',TRUE
sub-000058060181',TRUE
sub-000058250315',TRUE
sub-000058294120',TRUE
sub-000058616416',TRUE
sub-000058634281',TRUE
sub-000058754043',TRUE
sub-000058846772',TRUE
sub-000058908172',TRUE
sub-000059017806',TRUE
sub-000059057693',TRUE
sub-000059112626',TRUE
sub-000059169753',TRUE
sub-000059325249',TRUE
sub-000059343528',TRUE
sub-000059453804',TRUE
sub-000059932833',TRUE
sub-000059951813',TRUE
sub-000060150091',TRUE
sub-000060184938',TRUE
sub-000060186708',TRUE
sub-000060281382',TRUE
sub-000060334165',TRUE
sub-000060561025',TRUE
sub-000060718231',TRUE
sub-000060774324',TRUE
sub-000060942682',TRUE
sub-000061019030',TRUE
sub-000061050550',TRUE
sub-000061231173',TRUE
sub-000061298230',TRUE
sub-000061499631',TRUE
sub-000061504177',TRUE
sub-000061507009',TRUE
sub-000061538083',TRUE
sub-000061541397',TRUE
sub-000061561596',TRUE
sub-000061581707',TRUE
sub-000061588737',TRUE
sub-000061589239',TRUE
sub-000061869818',TRUE
sub-000062180324',TRUE
sub-000062182476',TRUE
sub-000062210205',TRUE
sub-000062252904',TRUE
sub-000062418041',TRUE
sub-000062632949',TRUE
sub-000062858760',TRUE
sub-000062936394',TRUE
sub-000062960940',TRUE
sub-000063174690',TRUE
sub-000063213959',TRUE
sub-000063218063',TRUE
sub-000063392194',TRUE
sub-000063400084',TRUE
sub-000063650078',TRUE
sub-000063770152',TRUE
sub-000063873628',TRUE
sub-000063985887',TRUE
sub-000063989137',TRUE
sub-000064082948',TRUE
sub-000064210895',TRUE
sub-000064214718',TRUE
sub-000064233992',TRUE
sub-000064672179',TRUE
sub-000064800062',TRUE
sub-000064814274',TRUE
sub-000064970679',TRUE
sub-000064999269',TRUE
sub-000065007029',TRUE
sub-000065032538',TRUE
sub-000065320945',TRUE
sub-000065447843',TRUE
sub-000065620046',TRUE
sub-000065746428',TRUE
sub-000065833786',TRUE
sub-000065871415',TRUE
sub-000065933635',TRUE
sub-000066012310',TRUE
sub-000066072621',TRUE
sub-000066086086',TRUE
sub-000066092324',TRUE
sub-000066137615',TRUE
sub-000066151792',TRUE
sub-000066378811',TRUE
sub-000066485079',TRUE
sub-000066575316',TRUE
sub-000066736177',TRUE
sub-000066786810',TRUE
sub-000066892780',TRUE
sub-000066980267',TRUE
sub-000067260838',TRUE
sub-000067300471',TRUE
sub-000067342911',TRUE
sub-000067498283',TRUE
sub-000067528603',TRUE
sub-000067609815',FALSE
sub-000067661866',TRUE
sub-000067844279',TRUE
sub-000067854391',TRUE
sub-000067955800',TRUE
sub-000067988654',TRUE
sub-000068000499',TRUE
sub-000068169738',TRUE
sub-000068173365',TRUE
sub-000068217983',TRUE
sub-000068223643',TRUE
sub-000068649293',TRUE
sub-000068674859',TRUE
sub-000068717425',TRUE
sub-000068764347',TRUE
sub-000068802565',TRUE
sub-000068824535',TRUE
sub-000068849025',TRUE
sub-000068982539',TRUE
sub-000069156055',TRUE
sub-000069295276',TRUE
sub-000069366941',TRUE
sub-000069379423',TRUE
sub-000069481559',TRUE
sub-000069548777',TRUE
sub-000069795852',TRUE
sub-000069895644',TRUE
sub-000069952570',TRUE
sub-000069973472',TRUE
sub-000070065392',TRUE
sub-000070198928',TRUE
sub-000070407053',TRUE
sub-000070528422',TRUE
sub-000070675464',TRUE
sub-000070769969',TRUE
sub-000070830069',TRUE
sub-000070910152',TRUE
sub-000071039594',TRUE
sub-000071097171',TRUE
sub-000071218732',TRUE
sub-000071332809',TRUE
sub-000071390350',TRUE
sub-000071483529',TRUE
sub-000071572282',TRUE
sub-000071640147',TRUE
sub-000071672039',TRUE
sub-000072070868',TRUE
sub-000072155879',TRUE
sub-000072165508',TRUE
sub-000072291976',TRUE
sub-000072299221',TRUE
sub-000072303758',TRUE
sub-000072358748',TRUE
sub-000072449671',TRUE
sub-000072545430',TRUE
sub-000072819674',TRUE
sub-000072824399',TRUE
sub-000072914941',TRUE
sub-000073078851',TRUE
sub-000073113515',TRUE
sub-000073236450',TRUE
sub-000073347940',TRUE
sub-000073668053',TRUE
sub-000073767391',TRUE
sub-000073811405',TRUE
sub-000073858659',TRUE
sub-000073932354',TRUE
sub-000074104786',TRUE
sub-000074179558',TRUE
sub-000074201575',TRUE
sub-000074304888',TRUE
sub-000074327708',TRUE
sub-000074542894',TRUE
sub-000074586509',TRUE
sub-000074709697',TRUE
sub-000074731388',TRUE
sub-000074846837',TRUE
sub-000074934634',TRUE
sub-000074996996',TRUE
sub-000075074865',TRUE
sub-000075148743',TRUE
sub-000075198966',TRUE
sub-000075273205',TRUE
sub-000075315363',TRUE
sub-000075438006',TRUE
sub-000075465686',TRUE
sub-000075698628',TRUE
sub-000075751859',TRUE
sub-000075760021',TRUE
sub-000075809342',TRUE
sub-000076098819',TRUE
sub-000076153018',TRUE
sub-000076254920',TRUE
sub-000076516256',TRUE
sub-000076544039',TRUE
sub-000076794351',TRUE
sub-000076936765',TRUE
sub-000076972990',TRUE
sub-000077008362',TRUE
sub-000077402830',TRUE
sub-000077436989',TRUE
sub-000077511665',TRUE
sub-000077539339',TRUE
sub-000077596543',TRUE
sub-000077843394',TRUE
sub-000077857132',TRUE
sub-000077867484',TRUE
sub-000077931327',TRUE
sub-000077983500',TRUE
sub-000078035648',TRUE
sub-000078056005',TRUE
sub-000078139248',TRUE
sub-000078298644',TRUE
sub-000078301795',TRUE
sub-000078375316',TRUE
sub-000078410552',TRUE
sub-000078555266',TRUE
sub-000078663263',TRUE
sub-000078709917',TRUE
sub-000078862327',TRUE
sub-000079279134',TRUE
sub-000079319968',TRUE
sub-000079415209',TRUE
sub-000079471229',TRUE
sub-000079482591',TRUE
sub-000079630427',TRUE
sub-000079748525',TRUE
sub-000079807538',TRUE
sub-000079815065',TRUE
sub-000079818517',TRUE
sub-000079831593',TRUE
sub-000079977505',TRUE
sub-000080027030',TRUE
sub-000080109989',TRUE
sub-000080137080',TRUE
sub-000080180835',TRUE
sub-000080232105',TRUE
sub-000080271792',TRUE
sub-000080301458',TRUE
sub-000080303743',TRUE
sub-000080338344',TRUE
sub-000080609714',TRUE
sub-000080619139',TRUE
sub-000080732340',TRUE
sub-000080739123',TRUE
sub-000080780783',TRUE
sub-000080911260',TRUE
sub-000080955255',TRUE
sub-000080961475',TRUE
sub-000080996663',TRUE
sub-000081006258',TRUE
sub-000081007956',TRUE
sub-000081092960',TRUE
sub-000081257882',TRUE
sub-000081277898',TRUE
sub-000081351807',TRUE
sub-000081634564',TRUE
sub-000081682522',TRUE
sub-000081795463',TRUE
sub-000081805725',TRUE
sub-000081956801',TRUE
sub-000082205224',TRUE
sub-000082484651',TRUE
sub-000082621571',TRUE
sub-000082922411',TRUE
sub-000082984707',TRUE
sub-000083037309',TRUE
sub-000083049855',TRUE
sub-000083068228',TRUE
sub-000083194915',TRUE
sub-000083248719',TRUE
sub-000083252295',TRUE
sub-000083308215',TRUE
sub-000083312089',TRUE
sub-000083322473',TRUE
sub-000083490451',TRUE
sub-000083589851',TRUE
sub-000083648239',TRUE
sub-000083670951',TRUE
sub-000083749433',TRUE
sub-000083780043',TRUE
sub-000083785552',TRUE
sub-000083830785',TRUE
sub-000084037702',TRUE
sub-000084138979',TRUE
sub-000084158838',TRUE
sub-000084343095',TRUE
sub-000084353398',TRUE
sub-000084482871',TRUE
sub-000084791358',TRUE
sub-000084828767',TRUE
sub-000084838602',TRUE
sub-000084915055',TRUE
sub-000084918460',TRUE
sub-000085063701',TRUE
sub-000085068141',TRUE
sub-000085098596',TRUE
sub-000085281759',TRUE
sub-000085348240',TRUE
sub-000085356712',TRUE
sub-000085498115',TRUE
sub-000085513661',TRUE
sub-000085629129',TRUE
sub-000085724167',TRUE
sub-000085791572',TRUE
sub-000085965300',TRUE
sub-000086071132',TRUE
sub-000086076571',TRUE
sub-000086100102',TRUE
sub-000086129563',TRUE
sub-000086259237',TRUE
sub-000086458347',TRUE
sub-000086549823',TRUE
sub-000086716306',TRUE
sub-000086727453',TRUE
sub-000086922038',TRUE
sub-000086939811',TRUE
sub-000086977706',TRUE
sub-000086992161',TRUE
sub-000087063383',TRUE
sub-000087109149',TRUE
sub-000087216041',TRUE
sub-000087248884',TRUE
sub-000087249996',TRUE
sub-000087280429',TRUE
sub-000087353864',TRUE
sub-000087520552',TRUE
sub-000087694854',TRUE
sub-000087817879',TRUE
sub-000087825984',TRUE
sub-000088067659',TRUE
sub-000088078827',TRUE
sub-000088079695',TRUE
sub-000088329552',TRUE
sub-000088505139',TRUE
sub-000088683330',TRUE
sub-000088964325',TRUE
sub-000088972545',TRUE
sub-000089047261',TRUE
sub-000089179801',TRUE
sub-000089235706',TRUE
sub-000089444665',TRUE
sub-000089569994',TRUE
sub-000089690901',TRUE
sub-000089691577',TRUE
sub-000089971463',TRUE
sub-000090194741',TRUE
sub-000090253111',TRUE
sub-000090314183',TRUE
sub-000090557023',TRUE
sub-000090561418',TRUE
sub-000090579038',TRUE
sub-000090651669',TRUE
sub-000090814109',TRUE
sub-000090838913',TRUE
sub-000090973178',TRUE
sub-000090994778',TRUE
sub-000091217716',TRUE
sub-000091362411',TRUE
sub-000091414961',TRUE
sub-000091474448',TRUE
sub-000091492921',TRUE
sub-000091501582',TRUE
sub-000091697814',TRUE
sub-000091803206',TRUE
sub-000091843900',TRUE
sub-000091899826',TRUE
sub-000092084654',TRUE
sub-000092126350',TRUE
sub-000092159995',TRUE
sub-000092186097',TRUE
sub-000092208408',TRUE
sub-000092335691',TRUE
sub-000092432902',TRUE
sub-000092523261',TRUE
sub-000092589671',TRUE
sub-000092671066',TRUE
sub-000092820066',TRUE
sub-000092865408',TRUE
sub-000092895731',TRUE
sub-000093240591',TRUE
sub-000093247658',TRUE
sub-000093371309',TRUE
sub-000093454722',TRUE
sub-000093455698',TRUE
sub-000093565878',TRUE
sub-000093697047',TRUE
sub-000093759994',TRUE
sub-000093770181',TRUE
sub-000094090604',TRUE
sub-000094345446',TRUE
sub-000094428008',TRUE
sub-000094505850',TRUE
sub-000094506022',TRUE
sub-000094768500',TRUE
sub-000094807913',TRUE
sub-000094878465',TRUE
sub-000094989507',TRUE
sub-000095416815',TRUE
sub-000095578455',TRUE
sub-000095674647',TRUE
sub-000095823901',TRUE
sub-000095886795',TRUE
sub-000095957207',TRUE
sub-000095958758',TRUE
sub-000096259931',TRUE
sub-000096358046',TRUE
sub-000096391496',TRUE
sub-000096466079',TRUE
sub-000096596623',TRUE
sub-000097044662',TRUE
sub-000097067339',TRUE
sub-000097084811',TRUE
sub-000097096149',TRUE
sub-000097329782',TRUE
sub-000097456086',TRUE
sub-000097555742',TRUE
sub-000097793568',TRUE
sub-000097925374',TRUE
sub-000097970921',TRUE
sub-000098077078',TRUE
sub-000098205180',TRUE
sub-000098301449',TRUE
sub-000098537667',TRUE
sub-000098562537',TRUE
sub-000098600208',TRUE
sub-000098606547',TRUE
sub-000098671905',TRUE
sub-000098724343',TRUE
sub-000098737210',TRUE
sub-000098847514',TRUE
sub-000098989002',TRUE
sub-000099002488',TRUE
sub-000099217838',TRUE
sub-000099297662',TRUE
sub-000099344314',TRUE
sub-000099345085',TRUE
sub-000099677574',TRUE
sub-000099873252',TRUE
sub-000099875982',TRUE
sub-000099930021',TRUE
sub-000099954902',TRUE
