Sub_ID,Index
sub-000000112288',FALSE
sub-000000215284',FALSE
sub-000000240546',FALSE
sub-000000297685',FALSE
sub-000000308867',FALSE
sub-000000469693',FALSE
sub-000000613223',FALSE
sub-000000642263',FALSE
sub-000000724314',FALSE
sub-000000737577',FALSE
sub-000000829055',FALSE
sub-000000871047',FALSE
sub-000001023924',FALSE
sub-000001088410',FALSE
sub-000001121275',FALSE
sub-000001123104',FALSE
sub-000001163495',FALSE
sub-000001311901',FALSE
sub-000001330914',FALSE
sub-000001357508',FALSE
sub-000001647364',FALSE
sub-000001689886',FALSE
sub-000001720362',FALSE
sub-000001781386',FALSE
sub-000001791747',FALSE
sub-000001934375',FALSE
sub-000002028964',FALSE
sub-000002042617',FALSE
sub-000002103894',FALSE
sub-000002109942',FALSE
sub-000002190836',FALSE
sub-000002296749',FALSE
sub-000002437251',FALSE
sub-000002485525',FALSE
sub-000002682961',FALSE
sub-000002695459',FALSE
sub-000002758817',FALSE
sub-000002766073',FALSE
sub-000003023509',FALSE
sub-000003287674',FALSE
sub-000003328367',FALSE
sub-000003504454',FALSE
sub-000003562821',FALSE
sub-000003726191',FALSE
sub-000003991592',FALSE
sub-000004004697',FALSE
sub-000004032825',FALSE
sub-000004068298',FALSE
sub-000004118866',FALSE
sub-000004622874',FALSE
sub-000004631192',FALSE
sub-000004702312',FALSE
sub-000004908925',FALSE
sub-000005055175',FALSE
sub-000005182386',FALSE
sub-000005352545',FALSE
sub-000005432841',FALSE
sub-000005437200',FALSE
sub-000005446254',FALSE
sub-000005839877',FALSE
sub-000005879696',FALSE
sub-000005895110',FALSE
sub-000005901115',FALSE
sub-000005978534',FALSE
sub-000006000160',FALSE
sub-000006021063',FALSE
sub-000006194918',FALSE
sub-000006260065',FALSE
sub-000006272781',FALSE
sub-000006314205',FALSE
sub-000006368349',FALSE
sub-000006502630',FALSE
sub-000006504813',FALSE
sub-000006631894',FALSE
sub-000006905767',FALSE
sub-000007324890',FALSE
sub-000007347207',FALSE
sub-000007478069',FALSE
sub-000007580813',FALSE
sub-000007595869',FALSE
sub-000007764421',FALSE
sub-000007779851',FALSE
sub-000007787644',FALSE
sub-000007836916',FALSE
sub-000007839943',FALSE
sub-000007885795',FALSE
sub-000007965462',FALSE
sub-000008043474',FALSE
sub-000008349556',FALSE
sub-000008633229',FALSE
sub-000008773013',FALSE
sub-000008996449',FALSE
sub-000009219140',FALSE
sub-000009551323',FALSE
sub-000009616716',FALSE
sub-000009682526',FALSE
sub-000009808250',FALSE
sub-000009963964',FALSE
sub-000010295754',FALSE
sub-000010478494',FALSE
sub-000010482778',FALSE
sub-000010841340',FALSE
sub-000010847852',FALSE
sub-000010867560',FALSE
sub-000010951966',FALSE
sub-000010974785',FALSE
sub-000011019827',FALSE
sub-000011310758',FALSE
sub-000011834339',FALSE
sub-000011920822',FALSE
sub-000011922061',FALSE
sub-000012029891',FALSE
sub-000012119704',FALSE
sub-000012409076',FALSE
sub-000012485016',FALSE
sub-000012629290',FALSE
sub-000012645188',FALSE
sub-000012715429',FALSE
sub-000012764460',FALSE
sub-000012809392',FALSE
sub-000012953830',FALSE
sub-000012967847',FALSE
sub-000012975877',FALSE
sub-000012988699',FALSE
sub-000013097762',FALSE
sub-000013243745',FALSE
sub-000013361778',FALSE
sub-000013377477',FALSE
sub-000013424686',FALSE
sub-000013471924',FALSE
sub-000013623993',FALSE
sub-000013646768',TRUE
sub-000014027707',FALSE
sub-000014084077',FALSE
sub-000014232183',FALSE
sub-000014268884',FALSE
sub-000014438794',FALSE
sub-000014759699',FALSE
sub-000014803670',FALSE
sub-000014850118',FALSE
sub-000014893890',FALSE
sub-000014947520',FALSE
sub-000015312177',TRUE
sub-000015398752',FALSE
sub-000015411565',TRUE
sub-000015439849',FALSE
sub-000015526050',FALSE
sub-000015734458',FALSE
sub-000016069129',TRUE
sub-000016140261',TRUE
sub-000016151232',FALSE
sub-000016275727',TRUE
sub-000016376434',FALSE
sub-000016405594',FALSE
sub-000016590495',TRUE
sub-000016634839',FALSE
sub-000016635570',TRUE
sub-000016708319',FALSE
sub-000016711878',FALSE
sub-000016720517',FALSE
sub-000016777091',FALSE
sub-000016849676',FALSE
sub-000017213220',FALSE
sub-000017406332',FALSE
sub-000017670753',FALSE
sub-000017743852',TRUE
sub-000017819722',FALSE
sub-000017994216',TRUE
sub-000018090882',TRUE
sub-000018094307',TRUE
sub-000018113022',TRUE
sub-000018198634',FALSE
sub-000018490401',TRUE
sub-000018494678',TRUE
sub-000018632052',FALSE
sub-000018801650',TRUE
sub-000018904077',FALSE
sub-000018931943',FALSE
sub-000018934340',TRUE
sub-000018952353',TRUE
sub-000018983258',TRUE
sub-000019025504',FALSE
sub-000019051332',TRUE
sub-000019316057',FALSE
sub-000019340307',TRUE
sub-000019381646',FALSE
sub-000019434152',TRUE
sub-000019543161',FALSE
sub-000019767886',FALSE
sub-000019767938',FALSE
sub-000019787898',TRUE
sub-000019893323',FALSE
sub-000019912904',TRUE
sub-000019947904',TRUE
sub-000020051604',FALSE
sub-000020113627',FALSE
sub-000020278160',TRUE
sub-000020418061',FALSE
sub-000020451157',TRUE
sub-000020537630',TRUE
sub-000020785775',TRUE
sub-000020841951',TRUE
sub-000020843854',FALSE
sub-000020879424',TRUE
sub-000020971514',TRUE
sub-000021053574',TRUE
sub-000021114224',TRUE
sub-000021131361',TRUE
sub-000021245205',TRUE
sub-000021313420',TRUE
sub-000021415101',TRUE
sub-000021659535',TRUE
sub-000021682831',TRUE
sub-000021729241',TRUE
sub-000021757796',TRUE
sub-000021777172',TRUE
sub-000022053782',TRUE
sub-000022084493',TRUE
sub-000022105198',TRUE
sub-000022245441',FALSE
sub-000022295030',FALSE
sub-000022456630',TRUE
sub-000022465536',FALSE
sub-000022819584',TRUE
sub-000022825752',TRUE
sub-000022886093',FALSE
sub-000023063758',TRUE
sub-000023207511',TRUE
sub-000023343892',TRUE
sub-000023426080',FALSE
sub-000023639409',TRUE
sub-000023653487',FALSE
sub-000023746158',TRUE
sub-000023755963',TRUE
sub-000023764540',TRUE
sub-000023813395',TRUE
sub-000023818066',TRUE
sub-000023875871',TRUE
sub-000024041790',TRUE
sub-000024346109',TRUE
sub-000024436422',TRUE
sub-000024447518',TRUE
sub-000024452285',TRUE
sub-000024709811',FALSE
sub-000024782190',TRUE
sub-000025122236',TRUE
sub-000025193415',TRUE
sub-000025229476',TRUE
sub-000025254435',TRUE
sub-000025356336',TRUE
sub-000025410823',TRUE
sub-000025492584',TRUE
sub-000025507276',TRUE
sub-000025527440',TRUE
sub-000025638314',TRUE
sub-000025821028',TRUE
sub-000025843987',TRUE
sub-000026045785',TRUE
sub-000026047145',FALSE
sub-000026055540',TRUE
sub-000026193033',TRUE
sub-000026400185',TRUE
sub-000026461756',TRUE
sub-000026470206',TRUE
sub-000026545049',FALSE
sub-000026554536',TRUE
sub-000026876093',FALSE
sub-000026901488',TRUE
sub-000027074970',TRUE
sub-000027085653',TRUE
sub-000027113512',TRUE
sub-000027142434',TRUE
sub-000027410033',FALSE
sub-000027424470',TRUE
sub-000027511167',TRUE
sub-000027553119',TRUE
sub-000027578624',TRUE
sub-000027798877',TRUE
sub-000027981638',TRUE
sub-000028104953',TRUE
sub-000028113492',TRUE
sub-000028127454',TRUE
sub-000028164869',TRUE
sub-000028185341',TRUE
sub-000028264513',TRUE
sub-000028669499',TRUE
sub-000028740917',TRUE
sub-000028745800',TRUE
sub-000028827850',TRUE
sub-000028852607',TRUE
sub-000028982808',TRUE
sub-000029061783',TRUE
sub-000029166355',TRUE
sub-000029236228',TRUE
sub-000029257136',TRUE
sub-000029280369',TRUE
sub-000029313096',TRUE
sub-000029427900',TRUE
sub-000029579255',TRUE
sub-000029614424',TRUE
sub-000029708729',TRUE
sub-000029871328',TRUE
sub-000029963972',TRUE
sub-000030151696',TRUE
sub-000030383377',TRUE
sub-000030385648',TRUE
sub-000030395922',TRUE
sub-000030527827',TRUE
sub-000030643915',TRUE
sub-000030649663',TRUE
sub-000030775893',TRUE
sub-000031130729',TRUE
sub-000031153238',TRUE
sub-000031548817',TRUE
sub-000031622058',TRUE
sub-000031655253',TRUE
sub-000031825112',TRUE
sub-000031834764',TRUE
sub-000031851798',TRUE
sub-000032067534',TRUE
sub-000032569118',TRUE
sub-000032581973',TRUE
sub-000032585091',TRUE
sub-000032642894',TRUE
sub-000032887943',TRUE
sub-000032899225',TRUE
sub-000033030797',TRUE
sub-000033272497',TRUE
sub-000033336692',TRUE
sub-000033343345',TRUE
sub-000033433011',TRUE
sub-000033545889',TRUE
sub-000033691855',TRUE
sub-000033828020',TRUE
sub-000033860514',TRUE
sub-000033925730',TRUE
sub-000034196193',TRUE
sub-000034268536',TRUE
sub-000034315461',TRUE
sub-000034410504',TRUE
sub-000034458922',TRUE
sub-000034508719',TRUE
sub-000034532105',TRUE
sub-000034621212',TRUE
sub-000034829621',TRUE
sub-000034924989',TRUE
sub-000035077363',TRUE
sub-000035460628',TRUE
sub-000035490507',TRUE
sub-000035569409',TRUE
sub-000035587656',TRUE
sub-000035620929',TRUE
sub-000035704260',TRUE
sub-000035885865',TRUE
sub-000035931532',TRUE
sub-000035936114',TRUE
sub-000036043675',TRUE
sub-000036160199',TRUE
sub-000036371007',TRUE
sub-000036383037',TRUE
sub-000036495714',TRUE
sub-000036503289',TRUE
sub-000036529694',TRUE
sub-000036630759',TRUE
sub-000036903472',TRUE
sub-000036973832',TRUE
sub-000037058553',TRUE
sub-000037280746',TRUE
sub-000037516467',TRUE
sub-000037643558',TRUE
sub-000037805580',TRUE
sub-000038072766',TRUE
sub-000038221741',TRUE
sub-000038361038',TRUE
sub-000038436183',TRUE
sub-000038472262',TRUE
sub-000038521433',TRUE
sub-000038522325',TRUE
sub-000038659983',TRUE
sub-000038666520',TRUE
sub-000038685366',TRUE
sub-000038690448',TRUE
sub-000038728463',TRUE
sub-000038760566',TRUE
sub-000038793721',TRUE
sub-000038852160',TRUE
sub-000038916315',TRUE
sub-000038965837',TRUE
sub-000039253420',TRUE
sub-000039287090',TRUE
sub-000039453204',TRUE
sub-000039522057',TRUE
sub-000039530825',TRUE
sub-000039776858',TRUE
sub-000039838208',TRUE
sub-000039923280',TRUE
sub-000039945087',TRUE
sub-000040021391',TRUE
sub-000040201562',TRUE
sub-000040302134',TRUE
sub-000040428739',TRUE
sub-000040485442',TRUE
sub-000040590177',TRUE
sub-000040756667',TRUE
sub-000040983027',TRUE
sub-000041213271',TRUE
sub-000041266477',TRUE
sub-000041429086',TRUE
sub-000041610677',TRUE
sub-000041765496',TRUE
sub-000042036745',TRUE
sub-000042169862',TRUE
sub-000042255049',TRUE
sub-000042288666',TRUE
sub-000042396259',TRUE
sub-000042432941',TRUE
sub-000042449851',TRUE
sub-000042479340',TRUE
sub-000042643344',TRUE
sub-000042728834',TRUE
sub-000042823353',TRUE
sub-000042855921',TRUE
sub-000042878935',TRUE
sub-000042979666',TRUE
sub-000043027131',TRUE
sub-000043036636',TRUE
sub-000043040398',TRUE
sub-000043217738',TRUE
sub-000043347465',TRUE
sub-000043525440',TRUE
sub-000043559294',TRUE
sub-000043561374',TRUE
sub-000043588052',TRUE
sub-000043720294',TRUE
sub-000043804515',TRUE
sub-000043926786',TRUE
sub-000044062132',TRUE
sub-000044103403',TRUE
sub-000044121224',TRUE
sub-000044211617',TRUE
sub-000044284703',TRUE
sub-000044395728',TRUE
sub-000044520504',TRUE
sub-000044576096',TRUE
sub-000044753182',TRUE
sub-000044775808',TRUE
sub-000044982406',TRUE
sub-000045234090',TRUE
sub-000045243088',TRUE
sub-000045508977',TRUE
sub-000045531867',TRUE
sub-000045710328',TRUE
sub-000045835265',TRUE
sub-000045838081',TRUE
sub-000045931469',TRUE
sub-000046161596',TRUE
sub-000046184877',TRUE
sub-000046280277',TRUE
sub-000046354596',TRUE
sub-000046681605',TRUE
sub-000046806317',TRUE
sub-000046959166',TRUE
sub-000047102665',TRUE
sub-000047117408',TRUE
sub-000047157916',TRUE
sub-000047174916',TRUE
sub-000047245633',TRUE
sub-000047352844',TRUE
sub-000047381951',TRUE
sub-000047405358',TRUE
sub-000047472787',TRUE
sub-000047501131',TRUE
sub-000047690807',TRUE
sub-000047727366',TRUE
sub-000047914118',TRUE
sub-000047938666',TRUE
sub-000048028426',TRUE
sub-000048054415',TRUE
sub-000048055201',TRUE
sub-000048201226',TRUE
sub-000048284598',TRUE
sub-000048616789',TRUE
sub-000048731895',TRUE
sub-000048796945',TRUE
sub-000048828414',TRUE
sub-000048846112',TRUE
sub-000048908846',TRUE
sub-000048935365',TRUE
sub-000049148426',TRUE
sub-000049314619',TRUE
sub-000049321994',TRUE
sub-000049368977',TRUE
sub-000049483266',TRUE
sub-000049623543',TRUE
sub-000049850700',TRUE
sub-000050023214',TRUE
sub-000050220613',TRUE
sub-000050345245',TRUE
sub-000050968862',TRUE
sub-000050973557',TRUE
sub-000051076110',TRUE
sub-000051293841',TRUE
sub-000051342034',TRUE
sub-000051445049',TRUE
sub-000051530670',TRUE
sub-000051571318',TRUE
sub-000051649816',TRUE
sub-000051671690',TRUE
sub-000051722290',TRUE
sub-000051865546',TRUE
sub-000051999613',TRUE
sub-000052045472',TRUE
sub-000052071148',TRUE
sub-000052086724',TRUE
sub-000052117549',TRUE
sub-000052172018',TRUE
sub-000052285860',TRUE
sub-000052333308',TRUE
sub-000052352041',TRUE
sub-000052356720',TRUE
sub-000052506288',TRUE
sub-000052904972',TRUE
sub-000053120454',TRUE
sub-000053260245',TRUE
sub-000053790569',TRUE
sub-000053912748',TRUE
sub-000053938707',TRUE
sub-000054198873',TRUE
sub-000054515697',TRUE
sub-000054554147',TRUE
sub-000054609183',TRUE
sub-000054625022',TRUE
sub-000054633971',TRUE
sub-000054678674',TRUE
sub-000054741718',TRUE
sub-000054766461',TRUE
sub-000054829951',TRUE
sub-000055104004',TRUE
sub-000055203542',TRUE
sub-000055440249',TRUE
sub-000055478711',TRUE
sub-000055499880',TRUE
sub-000055528763',TRUE
sub-000055619168',TRUE
sub-000055723880',TRUE
sub-000055744910',TRUE
sub-000055757334',TRUE
sub-000055760095',TRUE
sub-000055836894',TRUE
sub-000055969914',TRUE
sub-000055982442',TRUE
sub-000056477328',TRUE
sub-000056671932',TRUE
sub-000056783265',TRUE
sub-000056896962',TRUE
sub-000056955546',TRUE
sub-000057105753',TRUE
sub-000057113773',TRUE
sub-000057135861',TRUE
sub-000057172435',TRUE
sub-000057173348',TRUE
sub-000057515374',TRUE
sub-000057533759',TRUE
sub-000057541508',TRUE
sub-000057598971',TRUE
sub-000057847102',TRUE
sub-000057930100',TRUE
sub-000057951360',TRUE
sub-000057968987',TRUE
sub-000058060181',TRUE
sub-000058250315',TRUE
sub-000058754043',TRUE
sub-000058846772',TRUE
sub-000059017806',TRUE
sub-000059057693',TRUE
sub-000059112626',TRUE
sub-000059325249',TRUE
sub-000059392332',TRUE
sub-000059453804',TRUE
sub-000059791765',TRUE
sub-000059951813',TRUE
sub-000060150091',TRUE
sub-000060184938',TRUE
sub-000060186708',TRUE
sub-000060281382',TRUE
sub-000060301120',TRUE
sub-000060334165',TRUE
sub-000060530234',TRUE
sub-000060577054',TRUE
sub-000060919135',TRUE
sub-000060942682',TRUE
sub-000061050550',TRUE
sub-000061120609',TRUE
sub-000061137506',TRUE
sub-000061298230',TRUE
sub-000061499631',TRUE
sub-000061504177',TRUE
sub-000061538083',TRUE
sub-000061561596',TRUE
sub-000061581707',TRUE
sub-000061588737',TRUE
sub-000061589239',TRUE
sub-000061630843',TRUE
sub-000061756624',TRUE
sub-000061869818',TRUE
sub-000061918098',TRUE
sub-000062180324',TRUE
sub-000062210205',TRUE
sub-000062632949',TRUE
sub-000062858760',TRUE
sub-000063043079',TRUE
sub-000063174690',TRUE
sub-000063218063',TRUE
sub-000063301798',TRUE
sub-000063392194',TRUE
sub-000063400084',TRUE
sub-000063650078',TRUE
sub-000063770152',TRUE
sub-000063873628',TRUE
sub-000063961493',TRUE
sub-000063985887',TRUE
sub-000064043761',TRUE
sub-000064082948',TRUE
sub-000064210895',TRUE
sub-000064309040',TRUE
sub-000064814274',TRUE
sub-000064851530',TRUE
sub-000064913138',TRUE
sub-000064970679',TRUE
sub-000065007029',TRUE
sub-000065032538',TRUE
sub-000065084605',TRUE
sub-000065251291',TRUE
sub-000065320945',TRUE
sub-000065329281',TRUE
sub-000065447843',TRUE
sub-000065620046',TRUE
sub-000065746428',TRUE
sub-000065833786',TRUE
sub-000065933635',TRUE
sub-000066012310',TRUE
sub-000066086086',TRUE
sub-000066151792',TRUE
sub-000066328899',TRUE
sub-000066378811',TRUE
sub-000066457327',TRUE
sub-000066485079',TRUE
sub-000066715400',TRUE
sub-000066892780',TRUE
sub-000066929613',TRUE
sub-000067052967',TRUE
sub-000067110223',TRUE
sub-000067342911',TRUE
sub-000067488444',TRUE
sub-000067528603',TRUE
sub-000067593241',TRUE
sub-000067609815',TRUE
sub-000067659985',TRUE
sub-000067661866',TRUE
sub-000067844279',TRUE
sub-000067854391',TRUE
sub-000067955800',TRUE
sub-000067988654',TRUE
sub-000068000499',TRUE
sub-000068169738',TRUE
sub-000068173365',TRUE
sub-000068649293',TRUE
sub-000068717425',TRUE
sub-000068764347',TRUE
sub-000068803649',TRUE
sub-000069029254',TRUE
sub-000069156055',TRUE
sub-000069159223',TRUE
sub-000069295276',TRUE
sub-000069434928',TRUE
sub-000069795852',TRUE
sub-000069895644',TRUE
sub-000069920617',TRUE
sub-000069952570',TRUE
sub-000069973472',TRUE
sub-000070065392',TRUE
sub-000070124136',TRUE
sub-000070198928',TRUE
sub-000070407053',TRUE
sub-000070506641',TRUE
sub-000070528422',TRUE
sub-000070830069',TRUE
sub-000070910152',TRUE
sub-000071039594',TRUE
sub-000071097171',TRUE
sub-000071138289',TRUE
sub-000071218732',TRUE
sub-000071332809',TRUE
sub-000071530527',TRUE
sub-000071672039',TRUE
sub-000071765184',TRUE
sub-000071766352',TRUE
sub-000071767577',TRUE
sub-000072155879',TRUE
sub-000072299221',TRUE
sub-000072358748',TRUE
sub-000072449671',TRUE
sub-000072525506',TRUE
sub-000072628887',TRUE
sub-000072819674',TRUE
sub-000072824399',TRUE
sub-000073078851',TRUE
sub-000073113515',TRUE
sub-000073231355',TRUE
sub-000073312240',TRUE
sub-000073347940',TRUE
sub-000073668053',TRUE
sub-000073691245',TRUE
sub-000073767391',TRUE
sub-000073811405',TRUE
sub-000073858659',TRUE
sub-000073932354',TRUE
sub-000074104786',TRUE
sub-000074179558',TRUE
sub-000074226093',TRUE
sub-000074327708',TRUE
sub-000074586509',TRUE
sub-000074846837',TRUE
sub-000074934634',TRUE
sub-000075074865',TRUE
sub-000075142074',TRUE
sub-000075148743',TRUE
sub-000075233772',TRUE
sub-000075315363',TRUE
sub-000075760021',TRUE
sub-000075814401',TRUE
sub-000075845061',TRUE
sub-000075993279',TRUE
sub-000076098819',TRUE
sub-000076153018',TRUE
sub-000076254920',TRUE
sub-000076434221',TRUE
sub-000076516256',TRUE
sub-000076794351',TRUE
sub-000076847922',TRUE
sub-000076936765',TRUE
sub-000077008362',TRUE
sub-000077287526',TRUE
sub-000077402830',TRUE
sub-000077436989',TRUE
sub-000077471520',TRUE
sub-000077511665',TRUE
sub-000077596543',TRUE
sub-000077660233',TRUE
sub-000077829727',TRUE
sub-000077843394',TRUE
sub-000077857132',TRUE
sub-000077867484',TRUE
sub-000077931327',TRUE
sub-000078035648',TRUE
sub-000078056005',TRUE
sub-000078139248',TRUE
sub-000078301795',TRUE
sub-000078410552',TRUE
sub-000078531436',TRUE
sub-000078555266',TRUE
sub-000078648508',TRUE
sub-000078663263',TRUE
sub-000078709917',TRUE
sub-000078836365',TRUE
sub-000078862327',TRUE
sub-000079319968',TRUE
sub-000079415209',TRUE
sub-000079435532',TRUE
sub-000079482591',TRUE
sub-000079807538',TRUE
sub-000079815065',TRUE
sub-000080214993',TRUE
sub-000080232105',TRUE
sub-000080301458',TRUE
sub-000080303743',TRUE
sub-000080338344',TRUE
sub-000080461839',TRUE
sub-000080491858',TRUE
sub-000080609714',TRUE
sub-000080627914',TRUE
sub-000080780783',TRUE
sub-000080911260',TRUE
sub-000080955255',TRUE
sub-000081007956',TRUE
sub-000081092960',TRUE
sub-000081257882',TRUE
sub-000081634564',TRUE
sub-000081682522',TRUE
sub-000081805725',TRUE
sub-000082047033',TRUE
sub-000082149344',TRUE
sub-000082195927',TRUE
sub-000082484651',TRUE
sub-000082594744',TRUE
sub-000082621571',TRUE
sub-000082880964',TRUE
sub-000082898095',TRUE
sub-000082922411',TRUE
sub-000082930853',TRUE
sub-000082984707',TRUE
sub-000083037309',TRUE
sub-000083049855',TRUE
sub-000083194915',TRUE
sub-000083237051',TRUE
sub-000083248719',TRUE
sub-000083312089',TRUE
sub-000083322473',TRUE
sub-000083507055',TRUE
sub-000083539447',TRUE
sub-000083550867',TRUE
sub-000083656920',TRUE
sub-000083670951',TRUE
sub-000083749433',TRUE
sub-000083780043',TRUE
sub-000083785552',TRUE
sub-000083829193',TRUE
sub-000084037702',TRUE
sub-000084104893',TRUE
sub-000084158838',TRUE
sub-000084247324',TRUE
sub-000084343095',TRUE
sub-000084353398',TRUE
sub-000084482871',TRUE
sub-000084578371',TRUE
sub-000084739007',TRUE
sub-000084767819',TRUE
sub-000084828767',TRUE
sub-000084862441',TRUE
sub-000084915055',TRUE
sub-000084918460',TRUE
sub-000085068141',TRUE
sub-000085281759',TRUE
sub-000085294275',TRUE
sub-000085498115',TRUE
sub-000085513661',TRUE
sub-000085629129',TRUE
sub-000085724167',TRUE
sub-000085791572',TRUE
sub-000085965300',TRUE
sub-000086071132',TRUE
sub-000086076571',TRUE
sub-000086100102',TRUE
sub-000086129563',TRUE
sub-000086259237',TRUE
sub-000086458347',TRUE
sub-000086549823',TRUE
sub-000086604766',TRUE
sub-000086644823',TRUE
sub-000086716306',TRUE
sub-000086727453',TRUE
sub-000086939811',TRUE
sub-000086977385',TRUE
sub-000086977706',TRUE
sub-000087063383',TRUE
sub-000087216041',TRUE
sub-000087248884',TRUE
sub-000087255264',TRUE
sub-000087298622',TRUE
sub-000087302305',TRUE
sub-000087520552',TRUE
sub-000087695151',TRUE
sub-000087747553',TRUE
sub-000087817879',TRUE
sub-000087825984',TRUE
sub-000088041500',TRUE
sub-000088106971',TRUE
sub-000088290124',TRUE
sub-000088297864',TRUE
sub-000088329552',TRUE
sub-000088458966',TRUE
sub-000088843492',TRUE
sub-000088964325',TRUE
sub-000088972545',TRUE
sub-000089047261',TRUE
sub-000089179801',TRUE
sub-000089444665',TRUE
sub-000089569994',TRUE
sub-000089691577',TRUE
sub-000089971463',TRUE
sub-000090129274',TRUE
sub-000090208234',TRUE
sub-000090253111',TRUE
sub-000090314183',TRUE
sub-000090557023',TRUE
sub-000090561418',TRUE
sub-000090651669',TRUE
sub-000090814109',TRUE
sub-000090838913',TRUE
sub-000090945437',TRUE
sub-000090973178',TRUE
sub-000090994778',TRUE
sub-000091038192',TRUE
sub-000091362411',TRUE
sub-000091414961',TRUE
sub-000091492921',TRUE
sub-000091501582',TRUE
sub-000091697814',TRUE
sub-000091899826',TRUE
sub-000092075592',TRUE
sub-000092126350',TRUE
sub-000092186097',TRUE
sub-000092260456',TRUE
sub-000092318687',TRUE
sub-000092335691',TRUE
sub-000092381250',TRUE
sub-000092432902',TRUE
sub-000092523261',TRUE
sub-000092589671',TRUE
sub-000092865408',TRUE
sub-000093371309',TRUE
sub-000093454722',TRUE
sub-000093455698',TRUE
sub-000093565878',TRUE
sub-000093697047',TRUE
sub-000094090604',TRUE
sub-000094112037',TRUE
sub-000094141243',TRUE
sub-000094259613',TRUE
sub-000094265316',TRUE
sub-000094342759',TRUE
sub-000094345446',TRUE
sub-000094505850',TRUE
sub-000094594928',TRUE
sub-000094768500',TRUE
sub-000094807913',TRUE
sub-000094989507',TRUE
sub-000094998851',TRUE
sub-000095263539',TRUE
sub-000095416815',TRUE
sub-000095823901',TRUE
sub-000095886795',TRUE
sub-000095957207',TRUE
sub-000096052273',TRUE
sub-000096196382',TRUE
sub-000096358046',TRUE
sub-000096391496',TRUE
sub-000096466079',TRUE
sub-000096596623',TRUE
sub-000097044662',TRUE
sub-000097067339',TRUE
sub-000097096149',TRUE
sub-000097386630',TRUE
sub-000097456086',TRUE
sub-000097659232',TRUE
sub-000097739048',TRUE
sub-000097967328',TRUE
sub-000098077078',TRUE
sub-000098442422',TRUE
sub-000098537667',TRUE
sub-000098562537',TRUE
sub-000098600208',TRUE
sub-000098671905',TRUE
sub-000098845904',TRUE
sub-000098989002',TRUE
sub-000099002488',TRUE
sub-000099217838',TRUE
sub-000099297662',TRUE
sub-000099345085',TRUE
sub-000099433083',TRUE
sub-000099514690',TRUE
sub-000099580654',TRUE
sub-000099616225',TRUE
sub-000099677574',TRUE
sub-000099873252',TRUE
sub-000099875982',TRUE
sub-000099930021',TRUE
sub-000099954902',TRUE
