HC-SubID,,
sub-000010420383,,SSTgroupA
sub-000011545331,,SSTgroupB
sub-000012518597,,SSTgroupA
sub-000013312447,,SSTgroupB
sub-000013552932,,SSTgroupA
sub-000015086707,,SSTgroupA
sub-000018147098,,SSTgroupA
sub-000019337991,,SSTgroupB
sub-000019723145,,SSTgroupB
sub-000020319967,,SSTgroupA
sub-000021038930,,SSTgroupA
sub-000023207088,,SSTgroupA
sub-000025824900,,SSTgroupA
sub-000026061203,,SSTgroupA
sub-000026201043,,SSTgroupB
sub-000027107982,,SSTgroupB
sub-000031710347,,SSTgroupA
sub-000031802898,,SSTgroupA
sub-000034721467,,SSTgroupA
sub-000035891876,,SSTgroupB
sub-000038190141,,SSTgroupB
sub-000040759338,,SSTgroupA
sub-000041272937,,SSTgroupA
sub-000043174419,,SSTgroupA
sub-000043905918,,SSTgroupA
sub-000046224134,,SSTgroupA
sub-000046573779,,SSTgroupA
sub-000048556671,,SSTgroupB
sub-000050179172,,SSTgroupB
sub-000050334299,,SSTgroupA
sub-000050726626,,SSTgroupA
sub-000050752119,,SSTgroupA
sub-000050889576,,SSTgroupB
sub-000051918506,,SSTgroupA
sub-000054013494,,SSTgroupA
sub-000054082521,,SSTgroupA
sub-000054472247,,SSTgroupA
sub-000057278191,,SSTgroupB
sub-000061355654,,SSTgroupA
sub-000062703756,,SSTgroupA
sub-000065123347,,SSTgroupA
sub-000066169540,,SSTgroupA
sub-000068697986,,SSTgroupA
sub-000069253169,,SSTgroupA
sub-000069392787,,SSTgroupB
sub-000070172900,,SSTgroupA
sub-000070948741,,SSTgroupA
sub-000072533596,,SSTgroupA
sub-000073820433,,SSTgroupA
sub-000074033868,,SSTgroupA
sub-000074205989,,SSTgroupA
sub-000074668684,,SSTgroupA
sub-000076285803,,SSTgroupA
sub-000076315580,,SSTgroupB
sub-000080080647,,SSTgroupA
sub-000081853621,,SSTgroupA
sub-000083638186,,SSTgroupA
sub-000084733569,,SSTgroupA
sub-000086232661,,SSTgroupA
sub-000089443677,,SSTgroupA
sub-000092284943,,SSTgroupA
AUD-SubID,,
sub-000111210419,,SSTgroupB
sub-000111752302,,SSTgroupB
sub-000112537301,,SSTgroupB
sub-000114103015,,SSTgroupB
sub-000114192702,,SSTgroupB
sub-000114258789,,SSTgroupB
sub-000114593909,,SSTgroupB
sub-000115212275,,SSTgroupB
sub-000115364303,,SSTgroupB
sub-000118085537,,SSTgroupB
sub-000118960192,,SSTgroupB
sub-000119241321,,SSTgroupB
sub-000119832037,,SSTgroupB
sub-000121823777,,SSTgroupB
sub-000122083369,,SSTgroupB
sub-000123210650,,SSTgroupB
sub-000124782577,,SSTgroupB
sub-000125339679,,SSTgroupB
sub-000125520802,,SSTgroupB
sub-000125524260,,SSTgroupA
sub-000127406521,,SSTgroupB
sub-000127421885,,SSTgroupB
sub-000128036579,,SSTgroupB
sub-000129367460,,SSTgroupB
sub-000130973397,,SSTgroupB
sub-000131782005,,SSTgroupB
sub-000135658775,,SSTgroupB
sub-000135672596,,SSTgroupB
sub-000135971282,,SSTgroupB
sub-000137782069,,SSTgroupB
sub-000138011468,,SSTgroupB
sub-000139563315,,SSTgroupB
sub-000143563070,,SSTgroupB
sub-000143669176,,SSTgroupB
sub-000145498141,,SSTgroupB
sub-000145946259,,SSTgroupB
sub-000146061521,,SSTgroupB
sub-000146088577,,SSTgroupB
sub-000146228216,,SSTgroupB
sub-000147402937,,SSTgroupB
sub-000148952494,,SSTgroupB
sub-000149839536,,SSTgroupA
sub-000149870383,,SSTgroupB
sub-000150237087,,SSTgroupB
sub-000151408587,,SSTgroupB
sub-000152027620,,SSTgroupB
sub-000152034748,,SSTgroupB
sub-000152769231,,SSTgroupA
sub-000152958814,,SSTgroupB
sub-000154704064,,SSTgroupB
sub-000155190506,,SSTgroupB
sub-000156340766,,SSTgroupB
sub-000157545140,,SSTgroupB
sub-000157691935,,SSTgroupB
sub-000158175824,,SSTgroupB
sub-000158274906,,SSTgroupB
sub-000158963928,,SSTgroupA
sub-000161239003,,SSTgroupA
sub-000162296120,,SSTgroupA
sub-000162353055,,SSTgroupA
sub-000162354840,,SSTgroupA
sub-000162686260,,SSTgroupB
sub-000162742948,,SSTgroupB
sub-000163186746,,SSTgroupB
sub-000164064591,,SSTgroupB
sub-000164874291,,SSTgroupA
sub-000165929604,,SSTgroupA
sub-000165940897,,SSTgroupB
sub-000165959237,,SSTgroupB
sub-000166171234,,SSTgroupB
sub-000166274725,,SSTgroupB
sub-000166471280,,SSTgroupB
sub-000168453641,,SSTgroupB
sub-000168713559,,SSTgroupB
sub-000169435680,,SSTgroupB
sub-000170448268,,SSTgroupA
sub-000170984567,,SSTgroupA
sub-000171674018,,SSTgroupB
sub-000171969817,,SSTgroupB
sub-000172096657,,SSTgroupB
sub-000172412148,,SSTgroupB
sub-000173303864,,SSTgroupB
sub-000175029071,,SSTgroupB
sub-000175417285,,SSTgroupB
sub-000176214110,,SSTgroupB
sub-000176617846,,SSTgroupA
sub-000176900564,,SSTgroupA
sub-000177896969,,SSTgroupA
sub-000178045655,,SSTgroupB
sub-000178126699,,SSTgroupB
sub-000178282579,,SSTgroupB
sub-000178596387,,SSTgroupB
sub-000178684006,,SSTgroupB
sub-000178998455,,SSTgroupB
sub-000180125431,,SSTgroupB
sub-000181526703,,SSTgroupA
sub-000182136619,,SSTgroupA
sub-000183176019,,SSTgroupA
sub-000183762098,,SSTgroupB
sub-000184059377,,SSTgroupB
sub-000186213995,,SSTgroupB
sub-000187319408,,SSTgroupB
sub-000187514324,,SSTgroupB
sub-000187550388,,SSTgroupB
sub-000188448101,,SSTgroupB
sub-000190042837,,SSTgroupB
sub-000191170875,,SSTgroupB
sub-000191996808,,SSTgroupB
sub-000192901165,,SSTgroupB
sub-000193027940,,SSTgroupB
sub-000193355442,,SSTgroupB
sub-000193454833,,SSTgroupB
sub-000194171295,,SSTgroupB
sub-000194477877,,SSTgroupB
sub-000195121010,,SSTgroupB
sub-000195145348,,SSTgroupB
sub-000195166026,,SSTgroupB
sub-000195629783,,SSTgroupB
sub-000195703423,,SSTgroupB
